"Date","Open","High","Low","Close","Volume","Ticker","Period","Sector","logReturn"
"1980-12-12T05:00:00.000Z",0.12835000455379486,0.16128000617027283,0.11271999776363373,0.15234999358654022,1344851648,"AAPL","monthly","TechnologyHardwareAndEquipment","0"
"1981-01-02T05:00:00.000Z",0.15401999652385712,0.15512999892234802,0.12612000107765198,0.12612000107765198,608988800,"AAPL","monthly","TechnologyHardwareAndEquipment","-0.1889466201133207"
"1981-02-02T05:00:00.000Z",0.11886999756097794,0.12891000509262085,0.10603000223636627,0.11829999834299088,321619200,"AAPL","monthly","TechnologyHardwareAndEquipment","-0.06401008624401427"
"1981-03-02T05:00:00.000Z",0.11886999756097794,0.12054000049829483,0.09654019773006439,0.10937000066041946,700717024,"AAPL","monthly","TechnologyHardwareAndEquipment","-0.0784871215919701"
"1981-04-01T05:00:00.000Z",0.10825999826192856,0.13113999366760254,0.10825999826192856,0.12668000161647797,536928000,"AAPL","monthly","TechnologyHardwareAndEquipment","0.14692759904523273"
"1981-05-01T05:00:00.000Z",0.12668000161647797,0.14844000339508057,0.11997999995946884,0.14788000285625458,590419200,"AAPL","monthly","TechnologyHardwareAndEquipment","0.15473691895234506"
"1981-06-01T05:00:00.000Z",0.14788000285625458,0.14844000339508057,0.11607000231742859,0.11607000231742859,950566400,"AAPL","monthly","TechnologyHardwareAndEquipment","-0.24220767603679347"
"1981-07-01T05:00:00.000Z",0.11495999991893768,0.11719000339508057,0.09932990372180939,0.11161000281572342,667430400,"AAPL","monthly","TechnologyHardwareAndEquipment","-0.03918280045045618"
"1981-08-03T05:00:00.000Z",0.11049000173807144,0.11607000231742859,0.08427009731531143,0.08985000103712082,548620800,"AAPL","monthly","TechnologyHardwareAndEquipment","-0.21686905212348864"
"1981-09-01T05:00:00.000Z",0.09542989730834961,0.09765979647636414,0.06362009793519974,0.06807990372180939,743680000,"AAPL","monthly","TechnologyHardwareAndEquipment","-0.277459554700241"
"1981-10-01T05:00:00.000Z",0.06807990372180939,0.08985000103712082,0.06807990372180939,0.08929020166397095,904176000,"AAPL","monthly","TechnologyHardwareAndEquipment","0.27120968798251016"
"1981-11-02T05:00:00.000Z",0.08929020166397095,0.08985000103712082,0.07980000227689743,0.0831499993801117,586678400,"AAPL","monthly","TechnologyHardwareAndEquipment","-0.07124555987076403"
"1981-12-01T05:00:00.000Z",0.0831499993801117,0.10267999768257141,0.08092010021209717,0.09877990186214447,1037120000,"AAPL","monthly","TechnologyHardwareAndEquipment","0.1722479634288632"
"1982-01-04T05:00:00.000Z",0.09820979833602905,0.09877990186214447,0.07980000227689743,0.09095980226993561,864214400,"AAPL","monthly","TechnologyHardwareAndEquipment","-0.08247648598619413"
"1982-02-01T05:00:00.000Z",0.08985000103712082,0.09152010083198547,0.08147010207176208,0.08147010207176208,608406400,"AAPL","monthly","TechnologyHardwareAndEquipment","-0.11018156842933959"
"1982-03-01T05:00:00.000Z",0.0820401981472969,0.08259020000696182,0.06305979937314987,0.07534019649028778,1199676800,"AAPL","monthly","TechnologyHardwareAndEquipment","-0.0782222968893556"
"1982-04-01T05:00:00.000Z",0.07924020290374756,0.07980000227689743,0.06529019773006439,0.06584999710321426,1749597024,"AAPL","monthly","TechnologyHardwareAndEquipment","-0.13463442610923246"
"1982-05-03T05:00:00.000Z",0.06807990372180939,0.07310979813337326,0.0625,0.0625,1243894400,"AAPL","monthly","TechnologyHardwareAndEquipment","-0.0522128274562615"
"1982-06-01T05:00:00.000Z",0.061379898339509964,0.06305979937314987,0.05692010000348091,0.05692010000348091,803644800,"AAPL","monthly","TechnologyHardwareAndEquipment","-0.0935180266093714"
"1982-07-01T05:00:00.000Z",0.056370098143815994,0.06472989916801453,0.0491098016500473,0.060270100831985474,1418211200,"AAPL","monthly","TechnologyHardwareAndEquipment","0.05718761036513944"
"1982-08-02T05:00:00.000Z",0.06194999814033508,0.08092010021209717,0.054690200835466385,0.0803598016500473,2156000224,"AAPL","monthly","TechnologyHardwareAndEquipment","0.2876779311783571"
"1982-09-01T05:00:00.000Z",0.07812009751796722,0.08482009917497635,0.0775701031088829,0.08147010207176208,1663558400,"AAPL","monthly","TechnologyHardwareAndEquipment","0.013722035520724252"
"1982-10-01T05:00:00.000Z",0.08259020000696182,0.11941999942064285,0.0803598016500473,0.11328999698162079,3779508544,"AAPL","monthly","TechnologyHardwareAndEquipment","0.32971476904524666"
"1982-11-01T05:00:00.000Z",0.11941999942064285,0.15178999304771423,0.11217000335454941,0.14229999482631683,3152307872,"AAPL","monthly","TechnologyHardwareAndEquipment","0.22798659249577724"
"1982-12-01T05:00:00.000Z",0.1450899988412857,0.15569999814033508,0.1233299970626831,0.13336999714374542,2725990624,"AAPL","monthly","TechnologyHardwareAndEquipment","-0.06481026951994631"
"1983-01-03T05:00:00.000Z",0.1339299976825714,0.1875,0.12165000289678574,0.18248000741004944,4579052352,"AAPL","monthly","TechnologyHardwareAndEquipment","0.31351341936530946"
"1983-02-01T05:00:00.000Z",0.18358999490737915,0.2170799970626831,0.17969000339508057,0.20369000732898712,3153293472,"AAPL","monthly","TechnologyHardwareAndEquipment","0.10995864762354043"
"1983-03-01T05:00:00.000Z",0.20367999374866486,0.21094000339508057,0.17913000285625458,0.18862000107765198,2648329600,"AAPL","monthly","TechnologyHardwareAndEquipment","-0.07686485137804484"
"1983-04-04T05:00:00.000Z",0.18526999652385712,0.23548999428749084,0.17244000732898712,0.22544999420642853,3338833120,"AAPL","monthly","TechnologyHardwareAndEquipment","0.17836396434019364"
"1983-05-02T05:00:00.000Z",0.22599999606609344,0.2723200023174286,0.21262000501155853,0.25780999660491943,2084409600,"AAPL","monthly","TechnologyHardwareAndEquipment","0.13412448717408018"
"1983-06-01T05:00:00.000Z",0.25725001096725464,0.282370001077652,0.20423999428749084,0.21819999814033508,2807482048,"AAPL","monthly","TechnologyHardwareAndEquipment","-0.16681080146714566"
"1983-07-01T05:00:00.000Z",0.218189999461174,0.22210000455379486,0.15123000741004944,0.15569999814033508,3097831520,"AAPL","monthly","TechnologyHardwareAndEquipment","-0.3374809979801619"
"1983-08-01T05:00:00.000Z",0.15625,0.16629000008106232,0.1339299976825714,0.16629000008106232,3061543072,"AAPL","monthly","TechnologyHardwareAndEquipment","0.06580218569124413"
"1983-09-01T05:00:00.000Z",0.16797000169754028,0.17745999991893768,0.09877990186214447,0.1032399982213974,7941611552,"AAPL","monthly","TechnologyHardwareAndEquipment","-0.4766768949647296"
"1983-10-03T05:00:00.000Z",0.1043500006198883,0.10713999718427658,0.07980000227689743,0.10101000219583511,5021881088,"AAPL","monthly","TechnologyHardwareAndEquipment","-0.021836814042687162"
"1983-11-01T05:00:00.000Z",0.1032399982213974,0.10770999640226364,0.07700979709625244,0.09095980226993561,4122161792,"AAPL","monthly","TechnologyHardwareAndEquipment","-0.10480186795333687"
"1983-12-01T05:00:00.000Z",0.09095980226993561,0.11271999776363373,0.08817009627819061,0.10881999880075455,2656617824,"AAPL","monthly","TechnologyHardwareAndEquipment","0.1792774544107834"
"1984-01-03T05:00:00.000Z",0.10937000066041946,0.13169999420642853,0.1032399982213974,0.11049000173807144,4358817568,"AAPL","monthly","TechnologyHardwareAndEquipment","0.01522990481833194"
"1984-02-01T05:00:00.000Z",0.11105000227689743,0.1233299970626831,0.09989020228385925,0.11719000339508057,3111360224,"AAPL","monthly","TechnologyHardwareAndEquipment","0.058871543385586124"
"1984-03-01T05:00:00.000Z",0.11663000285625458,0.125,0.10937000066041946,0.11049000173807144,1965891200,"AAPL","monthly","TechnologyHardwareAndEquipment","-0.05887154338558626"
"1984-04-02T05:00:00.000Z",0.11049000173807144,0.14007000625133514,0.10267999768257141,0.14007000625133514,3216708544,"AAPL","monthly","TechnologyHardwareAndEquipment","0.23721730742537278"
"1984-05-01T05:00:00.000Z",0.1434199959039688,0.15345999598503113,0.125,0.13113999366760254,5315679264,"AAPL","monthly","TechnologyHardwareAndEquipment","-0.0658769357328681"
"1984-06-01T05:00:00.000Z",0.13113999366760254,0.13728000223636627,0.10825999826192856,0.11829999834299088,3175133472,"AAPL","monthly","TechnologyHardwareAndEquipment","-0.10304164957066364"
"1984-07-02T05:00:00.000Z",0.11829999834299088,0.1233299970626831,0.10825999826192856,0.1138399988412857,2834899200,"AAPL","monthly","TechnologyHardwareAndEquipment","-0.03842981337435049"
"1984-08-01T05:00:00.000Z",0.11327999830245972,0.13784000277519226,0.10713999718427658,0.11829999834299088,5111794464,"AAPL","monthly","TechnologyHardwareAndEquipment","0.03842981337435046"
"1984-09-04T05:00:00.000Z",0.11829999834299088,0.12946000695228577,0.10825999826192856,0.11217000335454941,2500624448,"AAPL","monthly","TechnologyHardwareAndEquipment","-0.05320814941442866"
"1984-10-01T05:00:00.000Z",0.11105000227689743,0.12221000343561172,0.10045000165700912,0.11105000227689743,3563057120,"AAPL","monthly","TechnologyHardwareAndEquipment","-0.010035036719282738"
"1984-11-01T05:00:00.000Z",0.11161000281572342,0.11829999834299088,0.09709999710321426,0.11049000173807144,3370058944,"AAPL","monthly","TechnologyHardwareAndEquipment","-0.005055535988129441"
"1984-12-03T05:00:00.000Z",0.11049000173807144,0.13057999312877655,0.10547000169754028,0.13003000617027283,3455022144,"AAPL","monthly","TechnologyHardwareAndEquipment","0.1628402056602535"
"1985-01-02T05:00:00.000Z",0.13001999258995056,0.13896000385284424,0.12276999652385712,0.12946000695228577,5694411968,"AAPL","monthly","TechnologyHardwareAndEquipment","-0.00439323369635925"
"1985-02-01T05:00:00.000Z",0.12891000509262085,0.13728000223636627,0.10713999718427658,0.11049000173807144,4733391040,"AAPL","monthly","TechnologyHardwareAndEquipment","-0.15844697196389418"
"1985-03-01T05:00:00.000Z",0.10825999826192856,0.11607000231742859,0.09207990020513535,0.09877990186214447,4615589440,"AAPL","monthly","TechnologyHardwareAndEquipment","-0.11203087324292134"
"1985-04-01T05:00:00.000Z",0.09932990372180939,0.10267999768257141,0.08594019711017609,0.09487009793519974,2868029696,"AAPL","monthly","TechnologyHardwareAndEquipment","-0.04038559589901311"
"1985-05-01T05:00:00.000Z",0.09542009979486465,0.09932990372180939,0.07310979813337326,0.0775701031088829,4639221440,"AAPL","monthly","TechnologyHardwareAndEquipment","-0.20132648197523126"
"1985-06-03T05:00:00.000Z",0.07532989978790283,0.08259020000696182,0.06362009793519974,0.0803598016500473,5811392384,"AAPL","monthly","TechnologyHardwareAndEquipment","0.0353319879379865"
"1985-07-01T05:00:00.000Z",0.07980000227689743,0.08147010207176208,0.07087010145187378,0.07087010145187378,2600595424,"AAPL","monthly","TechnologyHardwareAndEquipment","-0.12566542733461616"
"1985-08-01T05:00:00.000Z",0.07087010145187378,0.07199019938707352,0.06362009793519974,0.06695979833602905,1818745824,"AAPL","monthly","TechnologyHardwareAndEquipment","-0.05675622987322909"
"1985-09-03T05:00:00.000Z",0.06695979833602905,0.07700979709625244,0.06529019773006439,0.07030980288982391,1804096000,"AAPL","monthly","TechnologyHardwareAndEquipment","0.04881881829409983"
"1985-10-01T05:00:00.000Z",0.07030980288982391,0.08594019711017609,0.06472989916801453,0.0831499993801117,3561912928,"AAPL","monthly","TechnologyHardwareAndEquipment","0.16773496542114016"
"1985-11-01T05:00:00.000Z",0.08259020000696182,0.09262990206480026,0.0820401981472969,0.08985000103712082,2884672448,"AAPL","monthly","TechnologyHardwareAndEquipment","0.07749542658849472"
"1985-12-02T05:00:00.000Z",0.08984020352363586,0.10211999714374542,0.08594019711017609,0.09820979833602905,3571210944,"AAPL","monthly","TechnologyHardwareAndEquipment","0.08896436499971525"
"1986-01-02T05:00:00.000Z",0.09877009689807892,0.11049000173807144,0.09709999710321426,0.1032399982213974,6067690496,"AAPL","monthly","TechnologyHardwareAndEquipment","0.04995036785048311"
"1986-02-03T05:00:00.000Z",0.10211999714374542,0.11941999942064285,0.10211999714374542,0.11161000281572342,3196859456,"AAPL","monthly","TechnologyHardwareAndEquipment","0.07795431927329005"
"1986-03-03T05:00:00.000Z",0.11161000281572342,0.13225999474525452,0.10825999826192856,0.12612000107765198,4264334816,"AAPL","monthly","TechnologyHardwareAndEquipment","0.12222316632565655"
"1986-04-01T05:00:00.000Z",0.125560000538826,0.14620999991893768,0.11719000339508057,0.13504000008106232,4462686816,"AAPL","monthly","TechnologyHardwareAndEquipment","0.06833718822641506"
"1986-05-01T05:00:00.000Z",0.1339299976825714,0.1674100011587143,0.13280999660491943,0.1651799976825714,4954053440,"AAPL","monthly","TechnologyHardwareAndEquipment","0.20146474290492353"
"1986-06-02T05:00:00.000Z",0.1651799976825714,0.1746699959039688,0.1450899988412857,0.16016000509262085,4063361344,"AAPL","monthly","TechnologyHardwareAndEquipment","-0.030862426988861106"
"1986-07-01T05:00:00.000Z",0.16071000695228577,0.16853000223636627,0.1339299976825714,0.13951000571250916,5706336384,"AAPL","monthly","TechnologyHardwareAndEquipment","-0.13803702313702612"
"1986-08-01T05:00:00.000Z",0.13896000385284424,0.16964000463485718,0.13672000169754028,0.1651799976825714,3421667872,"AAPL","monthly","TechnologyHardwareAndEquipment","0.16889945012588722"
"1986-09-02T05:00:00.000Z",0.15512999892234802,0.1657399982213974,0.14119000732898712,0.14955000579357147,3583194720,"AAPL","monthly","TechnologyHardwareAndEquipment","-0.09940495053686803"
"1986-10-01T05:00:00.000Z",0.14900000393390656,0.15737000107765198,0.14396999776363373,0.1545799970626831,2986256224,"AAPL","monthly","TechnologyHardwareAndEquipment","0.03308091886081792"
"1986-11-03T05:00:00.000Z",0.15512999892234802,0.18414999544620514,0.15123000741004944,0.1785700023174286,4543524160,"AAPL","monthly","TechnologyHardwareAndEquipment","0.14426895150993313"
"1986-12-01T05:00:00.000Z",0.1785700023174286,0.19586999714374542,0.1746699959039688,0.18080000579357147,4707967040,"AAPL","monthly","TechnologyHardwareAndEquipment","0.01241078581542849"
"1987-01-02T05:00:00.000Z",0.18025000393390656,0.25558000802993774,0.17913000285625458,0.24776999652385712,8367727648,"AAPL","monthly","TechnologyHardwareAndEquipment","0.31510940245885294"
"1987-02-02T05:00:00.000Z",0.24776999652385712,0.31863999366760254,0.23047000169754028,0.3125,6628321280,"AAPL","monthly","TechnologyHardwareAndEquipment","0.23210358671543757"
"1987-03-02T05:00:00.000Z",0.313620001077652,0.3147299885749817,0.27790001034736633,0.2879500091075897,5977309408,"AAPL","monthly","TechnologyHardwareAndEquipment","-0.0818175835947087"
"1987-04-01T05:00:00.000Z",0.28125,0.3571400046348572,0.27845999598503113,0.3537899851799011,6833079680,"AAPL","monthly","TechnologyHardwareAndEquipment","0.20591658929870416"
"1987-05-01T05:00:00.000Z",0.3549099862575531,0.36719000339508057,0.3236599862575531,0.3526799976825714,3846529568,"AAPL","monthly","TechnologyHardwareAndEquipment","-0.0031423512325356013"
"1987-06-01T05:00:00.000Z",0.3549099862575531,0.3861599862575531,0.33928999304771423,0.3616099953651428,3369353456,"AAPL","monthly","TechnologyHardwareAndEquipment","0.02500514653769157"
"1987-07-01T05:00:00.000Z",0.3638400137424469,0.3995499908924103,0.3258900046348572,0.3682999908924103,3074412880,"AAPL","monthly","TechnologyHardwareAndEquipment","0.01833152853668581"
"1987-08-03T05:00:00.000Z",0.3660700023174286,0.48436999320983887,0.3571400046348572,0.4821400046348572,3128184528,"AAPL","monthly","TechnologyHardwareAndEquipment","0.2693367391986331"
"1987-09-01T05:00:00.000Z",0.4888400137424469,0.5245500206947327,0.43303999304771423,0.5044599771499634,3083955504,"AAPL","monthly","TechnologyHardwareAndEquipment","0.045253967011168614"
"1987-10-01T05:00:00.000Z",0.5200899839401245,0.5334799885749817,0.24664999544620514,0.344870001077652,6583746176,"AAPL","monthly","TechnologyHardwareAndEquipment","-0.38032096738145993"
"1987-11-02T05:00:00.000Z",0.3459799885749817,0.3571400046348572,0.2723200023174286,0.2946400046348572,4247423824,"AAPL","monthly","TechnologyHardwareAndEquipment","-0.15741324968324863"
"1987-12-01T05:00:00.000Z",0.3013400137424469,0.39061999320983887,0.26561999320983887,0.375,4733840384,"AAPL","monthly","TechnologyHardwareAndEquipment","0.24117173810302414"
"1988-01-04T05:00:00.000Z",0.3973200023174286,0.4129500091075897,0.3415200114250183,0.37053999304771423,6231841952,"AAPL","monthly","TechnologyHardwareAndEquipment","-0.011964643611122702"
"1988-02-01T05:00:00.000Z",0.3727700114250183,0.39061999320983887,0.3370499908924103,0.3839299976825714,3379266352,"AAPL","monthly","TechnologyHardwareAndEquipment","0.03549885590855603"
"1988-03-01T05:00:00.000Z",0.3861599862575531,0.4263400137424469,0.3459799885749817,0.3571400046348572,4891995584,"AAPL","monthly","TechnologyHardwareAndEquipment","-0.0723323635211617"
"1988-04-04T05:00:00.000Z",0.3549099862575531,0.37834998965263367,0.34375,0.3660700023174286,3195136784,"AAPL","monthly","TechnologyHardwareAndEquipment","0.024696703528590314"
"1988-05-02T05:00:00.000Z",0.3638400137424469,0.3850399851799011,0.3337100148200989,0.37053999304771423,2643022144,"AAPL","monthly","TechnologyHardwareAndEquipment","0.012136804084015572"
"1988-06-01T05:00:00.000Z",0.37053999304771423,0.4174099862575531,0.3682999908924103,0.4129500091075897,3541251952,"AAPL","monthly","TechnologyHardwareAndEquipment","0.10836515995238302"
"1988-07-01T05:00:00.000Z",0.4151799976825714,0.4241099953651428,0.3772299885749817,0.3962000012397766,2186420096,"AAPL","monthly","TechnologyHardwareAndEquipment","-0.041407404918052095"
"1988-08-01T05:00:00.000Z",0.3973200023174286,0.4084799885749817,0.3504500091075897,0.3560299873352051,2654390368,"AAPL","monthly","TechnologyHardwareAndEquipment","-0.10690417600142554"
"1988-09-01T05:00:00.000Z",0.3549099862575531,0.3950900137424469,0.3370499908924103,0.3861599862575531,3057713792,"AAPL","monthly","TechnologyHardwareAndEquipment","0.08123679437260047"
"1988-10-03T05:00:00.000Z",0.3839299976825714,0.3861599862575531,0.3348200023174286,0.344870001077652,3564604064,"AAPL","monthly","TechnologyHardwareAndEquipment","-0.1130842182141587"
"1988-11-01T05:00:00.000Z",0.34375,0.3549099862575531,0.31696000695228577,0.33594000339508057,2940203168,"AAPL","monthly","TechnologyHardwareAndEquipment","-0.026234954855567316"
"1988-12-01T05:00:00.000Z",0.3370499908924103,0.375,0.3348200023174286,0.35936999320983887,2946072192,"AAPL","monthly","TechnologyHardwareAndEquipment","0.06741989682165703"
"1989-01-03T05:00:00.000Z",0.35936999320983887,0.3928599953651428,0.3236599862575531,0.3370499908924103,7345212336,"AAPL","monthly","TechnologyHardwareAndEquipment","-0.06412121923875695"
"1989-02-01T05:00:00.000Z",0.3370499908924103,0.35936999320983887,0.3147299885749817,0.3236599862575531,4886272832,"AAPL","monthly","TechnologyHardwareAndEquipment","-0.04053772064874522"
"1989-03-01T05:00:00.000Z",0.3236599862575531,0.3258900046348572,0.2991099953651428,0.31808000802993774,3858436288,"AAPL","monthly","TechnologyHardwareAndEquipment","-0.01739059091598808"
"1989-04-03T05:00:00.000Z",0.31696000695228577,0.37165001034736633,0.3024600148200989,0.34821000695228577,3974177536,"AAPL","monthly","TechnologyHardwareAndEquipment","0.09050281730119072"
"1989-05-01T05:00:00.000Z",0.34375,0.4375,0.34375,0.4263400137424469,5252098432,"AAPL","monthly","TechnologyHardwareAndEquipment","0.20243141622416164"
"1989-06-01T05:00:00.000Z",0.4263400137424469,0.4486599862575531,0.3526799976825714,0.3682999908924103,3941361312,"AAPL","monthly","TechnologyHardwareAndEquipment","-0.14633938351629314"
"1989-07-03T05:00:00.000Z",0.3727700114250183,0.375,0.3370499908924103,0.3549099862575531,3688633312,"AAPL","monthly","TechnologyHardwareAndEquipment","-0.037033601236487"
"1989-08-01T05:00:00.000Z",0.3549099862575531,0.4084799885749817,0.3504500091075897,0.3973200023174286,3352498128,"AAPL","monthly","TechnologyHardwareAndEquipment","0.11287780969399897"
"1989-09-01T05:00:00.000Z",0.3973200023174286,0.4174099862575531,0.3839299976825714,0.3973200023174286,2020816896,"AAPL","monthly","TechnologyHardwareAndEquipment","-1.1102230246251565*^-16"
"1989-10-02T05:00:00.000Z",0.3973200023174286,0.4497799873352051,0.37946000695228577,0.4151799976825714,4125153312,"AAPL","monthly","TechnologyHardwareAndEquipment","0.04397014837309874"
"1989-11-01T05:00:00.000Z",0.4129500091075897,0.42186999320983887,0.37946000695228577,0.3950900137424469,2524940432,"AAPL","monthly","TechnologyHardwareAndEquipment","-0.0495985337208739"
"1989-12-01T05:00:00.000Z",0.3973200023174286,0.4084799885749817,0.2901799976825714,0.3147299885749817,5941089616,"AAPL","monthly","TechnologyHardwareAndEquipment","-0.2273985297215416"
"1990-01-02T05:00:00.000Z",0.3147299885749817,0.3459799885749817,0.28683000802993774,0.3035700023174286,3747499952,"AAPL","monthly","TechnologyHardwareAndEquipment","-0.036102858066792115"
"1990-02-01T05:00:00.000Z",0.30803999304771423,0.3147299885749817,0.2879500091075897,0.3035700023174286,2484060432,"AAPL","monthly","TechnologyHardwareAndEquipment","-1.1102230246251565*^-16"
"1990-03-01T05:00:00.000Z",0.2991099953651428,0.3872799873352051,0.29686999320983887,0.35936999320983887,4550439936,"AAPL","monthly","TechnologyHardwareAndEquipment","0.16874024547302832"
"1990-04-02T05:00:00.000Z",0.3571400046348572,0.3950900137424469,0.34040001034736633,0.35155999660491943,3642869888,"AAPL","monthly","TechnologyHardwareAndEquipment","-0.021972095477467143"
"1990-05-01T05:00:00.000Z",0.3549099862575531,0.3817000091075897,0.3459799885749817,0.3682999908924103,4115622112,"AAPL","monthly","TechnologyHardwareAndEquipment","0.04651741468303572"
"1990-06-01T05:00:00.000Z",0.36941999197006226,0.40066999197006226,0.3348200023174286,0.3995499908924103,3952135488,"AAPL","monthly","TechnologyHardwareAndEquipment","0.08144109230355984"
"1990-07-02T05:00:00.000Z",0.3973200023174286,0.4263400137424469,0.3571400046348572,0.375,4153735600,"AAPL","monthly","TechnologyHardwareAndEquipment","-0.06341286505544247"
"1990-08-01T05:00:00.000Z",0.373879998922348,0.39061999320983887,0.2991099953651428,0.3303599953651428,3131140880,"AAPL","monthly","TechnologyHardwareAndEquipment","-0.12674307105761126"
"1990-09-04T05:00:00.000Z",0.3258900046348572,0.3348200023174286,0.24330000579357147,0.2589299976825714,2206949808,"AAPL","monthly","TechnologyHardwareAndEquipment","-0.24362520896314338"
"1990-10-01T05:00:00.000Z",0.2633900046348572,0.28571000695228577,0.21651999652385712,0.2745499908924103,5056064608,"AAPL","monthly","TechnologyHardwareAndEquipment","0.05857561460243411"
"1990-11-01T05:00:00.000Z",0.2723200023174286,0.34375,0.26561999320983887,0.32811999320983887,3254610016,"AAPL","monthly","TechnologyHardwareAndEquipment","0.17824601388831887"
"1990-12-03T05:00:00.000Z",0.3325900137424469,0.4040200114250183,0.3303599953651428,0.3839299976825714,4094095712,"AAPL","monthly","TechnologyHardwareAndEquipment","0.15708086382743489"
"1991-01-02T05:00:00.000Z",0.3817000091075897,0.5,0.375,0.49553999304771423,7037895312,"AAPL","monthly","TechnologyHardwareAndEquipment","0.2551878247531198"
"1991-02-01T05:00:00.000Z",0.49553999304771423,0.5558000206947327,0.4888400137424469,0.5111600160598755,5545785392,"AAPL","monthly","TechnologyHardwareAndEquipment","0.031034621138028483"
"1991-03-01T05:00:00.000Z",0.5089300274848938,0.6272299885749817,0.5089300274848938,0.6071400046348572,5210602320,"AAPL","monthly","TechnologyHardwareAndEquipment","0.17207673044464947"
"1991-04-01T05:00:00.000Z",0.6071400046348572,0.6540200114250183,0.4821400046348572,0.4910700023174286,7239764560,"AAPL","monthly","TechnologyHardwareAndEquipment","-0.212172726060128"
"1991-05-01T05:00:00.000Z",0.42186999320983887,0.4799099862575531,0.3928599953651428,0.4196400046348572,7972838832,"AAPL","monthly","TechnologyHardwareAndEquipment","-0.15718947663538804"
"1991-06-03T05:00:00.000Z",0.4196400046348572,0.44196000695228577,0.35936999320983887,0.37053999304771423,4091665424,"AAPL","monthly","TechnologyHardwareAndEquipment","-0.12443582954883782"
"1991-07-01T05:00:00.000Z",0.3772299885749817,0.4307999908924103,0.3727700114250183,0.4129500091075897,3777896864,"AAPL","monthly","TechnologyHardwareAndEquipment","0.10836515995238302"
"1991-08-01T05:00:00.000Z",0.41071000695228577,0.49553999304771423,0.4084799885749817,0.47321000695228577,4173223488,"AAPL","monthly","TechnologyHardwareAndEquipment","0.1362127369744639"
"1991-09-03T05:00:00.000Z",0.4709799885749817,0.4776799976825714,0.4151799976825714,0.44196000695228577,2393575632,"AAPL","monthly","TechnologyHardwareAndEquipment","-0.06831988331058424"
"1991-10-01T05:00:00.000Z",0.4397299885749817,0.5022299885749817,0.4151799976825714,0.4598200023174286,3755272752,"AAPL","monthly","TechnologyHardwareAndEquipment","0.039615717620099584"
"1991-11-01T05:00:00.000Z",0.4575900137424469,0.4932999908924103,0.4241099953651428,0.45311999320983887,3696036064,"AAPL","monthly","TechnologyHardwareAndEquipment","-0.014678137515699033"
"1991-12-02T05:00:00.000Z",0.45311999320983887,0.5178599953651428,0.43303999304771423,0.503350019454956,2607170832,"AAPL","monthly","TechnologyHardwareAndEquipment","0.10512881574643067"
"1992-01-02T05:00:00.000Z",0.4977700114250183,0.6160699725151062,0.49553999304771423,0.5781199932098389,4703073760,"AAPL","monthly","TechnologyHardwareAndEquipment","0.13849565600901378"
"1992-02-03T05:00:00.000Z",0.5781199932098389,0.625,0.5513399839401245,0.6026800274848938,2534998368,"AAPL","monthly","TechnologyHardwareAndEquipment","0.04160497370214717"
"1992-03-02T05:00:00.000Z",0.6049100160598755,0.6116099953651428,0.5156199932098389,0.5200899839401245,2984017904,"AAPL","monthly","TechnologyHardwareAndEquipment","-0.14738457889410767"
"1992-04-01T05:00:00.000Z",0.5111600160598755,0.5468699932098389,0.47321000695228577,0.5368300080299377,3931393200,"AAPL","monthly","TechnologyHardwareAndEquipment","0.031679643146710165"
"1992-05-01T05:00:00.000Z",0.5357099771499634,0.5647299885749817,0.5200899839401245,0.5334799885749817,2703726480,"AAPL","monthly","TechnologyHardwareAndEquipment","-0.006259925451971915"
"1992-06-01T05:00:00.000Z",0.5111600160598755,0.53125,0.3817000091075897,0.4285700023174286,4852022560,"AAPL","monthly","TechnologyHardwareAndEquipment","-0.21896746967477773"
"1992-07-01T05:00:00.000Z",0.4285700023174286,0.44196000695228577,0.3883900046348572,0.4174099862575531,3714986688,"AAPL","monthly","TechnologyHardwareAndEquipment","-0.026385171396206247"
"1992-08-03T05:00:00.000Z",0.4174099862575531,0.42186999320983887,0.37053999304771423,0.41071000695228577,2745244992,"AAPL","monthly","TechnologyHardwareAndEquipment","-0.01618153300062247"
"1992-09-01T05:00:00.000Z",0.4129500091075897,0.4464299976825714,0.39061999320983887,0.40290001034736633,3055664192,"AAPL","monthly","TechnologyHardwareAndEquipment","-0.019198968387045986"
"1992-10-01T05:00:00.000Z",0.3995499908924103,0.4821400046348572,0.37053999304771423,0.46875,3530119264,"AAPL","monthly","TechnologyHardwareAndEquipment","0.15138115940509966"
"1992-11-02T05:00:00.000Z",0.46875,0.53125,0.4598200023174286,0.5133900046348572,3120927040,"AAPL","monthly","TechnologyHardwareAndEquipment","0.09096622200079543"
"1992-12-01T05:00:00.000Z",0.5111600160598755,0.5468699932098389,0.4866099953651428,0.5334799885749817,3332203840,"AAPL","monthly","TechnologyHardwareAndEquipment","0.03838576105275764"
"1993-01-04T05:00:00.000Z",0.53125,0.5825899839401245,0.5111600160598755,0.53125,5542268480,"AAPL","monthly","TechnologyHardwareAndEquipment","-0.004188840099547024"
"1993-02-01T05:00:00.000Z",0.5290200114250183,0.5491099953651428,0.4598200023174286,0.47321000695228577,4651397184,"AAPL","monthly","TechnologyHardwareAndEquipment","-0.11569344095249147"
"1993-03-01T05:00:00.000Z",0.47321000695228577,0.5156199932098389,0.4486599862575531,0.4598200023174286,3660677552,"AAPL","monthly","TechnologyHardwareAndEquipment","-0.02870416569048451"
"1993-04-01T05:00:00.000Z",0.4575900137424469,0.46875,0.4174099862575531,0.4575900137424469,3914470000,"AAPL","monthly","TechnologyHardwareAndEquipment","-0.004861496883472314"
"1993-05-03T05:00:00.000Z",0.4575900137424469,0.527899980545044,0.4553599953651428,0.5055800080299377,3200435728,"AAPL","monthly","TechnologyHardwareAndEquipment","0.09973268425867213"
"1993-06-01T05:00:00.000Z",0.5044599771499634,0.5200899839401245,0.34375,0.3526799976825714,7674336096,"AAPL","monthly","TechnologyHardwareAndEquipment","-0.3601451773229342"
"1993-07-01T05:00:00.000Z",0.34821000695228577,0.3549099862575531,0.2276799976825714,0.24776999652385712,7147409248,"AAPL","monthly","TechnologyHardwareAndEquipment","-0.3530602411868976"
"1993-08-02T05:00:00.000Z",0.2522299885749817,0.2745499908924103,0.23103000223636627,0.23660999536514282,3683279152,"AAPL","monthly","TechnologyHardwareAndEquipment","-0.04608768597160329"
"1993-09-01T05:00:00.000Z",0.23660999536514282,0.2410700023174286,0.20535999536514282,0.20870999991893768,3668058688,"AAPL","monthly","TechnologyHardwareAndEquipment","-0.12546746827415253"
"1993-10-01T05:00:00.000Z",0.20311999320983887,0.2879500091075897,0.1964299976825714,0.2745499908924103,5912719792,"AAPL","monthly","TechnologyHardwareAndEquipment","0.2741876323368274"
"1993-11-01T05:00:00.000Z",0.2745499908924103,0.3125,0.26561999320983887,0.28125,3452055152,"AAPL","monthly","TechnologyHardwareAndEquipment","0.024110592966539515"
"1993-12-01T05:00:00.000Z",0.28571000695228577,0.2901799976825714,0.23660999536514282,0.2611599862575531,3956974000,"AAPL","monthly","TechnologyHardwareAndEquipment","-0.07411075982099384"
"1994-01-03T05:00:00.000Z",0.2633900046348572,0.3147299885749817,0.2567000091075897,0.2924099862575531,7331985360,"AAPL","monthly","TechnologyHardwareAndEquipment","0.11302368632240609"
"1994-02-01T05:00:00.000Z",0.2946400046348572,0.3415200114250183,0.2879500091075897,0.3258900046348572,4284462672,"AAPL","monthly","TechnologyHardwareAndEquipment","0.10840303531587929"
"1994-03-01T05:00:00.000Z",0.32811999320983887,0.34375,0.28125,0.29686999320983887,5257989408,"AAPL","monthly","TechnologyHardwareAndEquipment","-0.09326560566661592"
"1994-04-04T05:00:00.000Z",0.2879500091075897,0.3057999908924103,0.2410700023174286,0.2678599953651428,4042262112,"AAPL","monthly","TechnologyHardwareAndEquipment","-0.10282987101361178"
"1994-05-02T05:00:00.000Z",0.2678599953651428,0.3013400137424469,0.25446000695228577,0.2611599862575531,3361659952,"AAPL","monthly","TechnologyHardwareAndEquipment","-0.025331244958057646"
"1994-06-01T05:00:00.000Z",0.25446000695228577,0.25558000802993774,0.21987000107765198,0.23660999536514282,4671792384,"AAPL","monthly","TechnologyHardwareAndEquipment","-0.09871999720822085"
"1994-07-01T05:00:00.000Z",0.23548999428749084,0.3035700023174286,0.22655999660491943,0.3007799983024597,4843846784,"AAPL","monthly","TechnologyHardwareAndEquipment","0.239965898370258"
"1994-08-01T05:00:00.000Z",0.3002200126647949,0.3337100148200989,0.28683000802993774,0.3231000006198883,4574900960,"AAPL","monthly","TechnologyHardwareAndEquipment","0.07158277988934414"
"1994-09-01T05:00:00.000Z",0.31584998965263367,0.3325900137424469,0.29798999428749084,0.3007799983024597,3232568192,"AAPL","monthly","TechnologyHardwareAndEquipment","-0.0715827798893442"
"1994-10-03T05:00:00.000Z",0.3002200126647949,0.39061999320983887,0.2901799976825714,0.3856000006198883,7713816096,"AAPL","monthly","TechnologyHardwareAndEquipment","0.2484214694843115"
"1994-11-01T05:00:00.000Z",0.38280999660491943,0.3882499933242798,0.3247799873352051,0.3325900137424469,4048948400,"AAPL","monthly","TechnologyHardwareAndEquipment","-0.14789002286319086"
"1994-12-01T05:00:00.000Z",0.3303599953651428,0.3560299873352051,0.3102700114250183,0.34821000695228577,3787797888,"AAPL","monthly","TechnologyHardwareAndEquipment","0.04589522453363126"
"1995-01-03T05:00:00.000Z",0.34709998965263367,0.4291299879550934,0.33816999197006226,0.36048999428749084,8162073920,"AAPL","monthly","TechnologyHardwareAndEquipment","0.034658435228286"
"1995-02-01T05:00:00.000Z",0.3638400137424469,0.3973200023174286,0.33928999304771423,0.3526799976825714,5298645744,"AAPL","monthly","TechnologyHardwareAndEquipment","-0.021903077594795005"
"1995-03-01T05:00:00.000Z",0.3549099862575531,0.3638400137424469,0.3024600148200989,0.3147299885749817,6999389824,"AAPL","monthly","TechnologyHardwareAndEquipment","-0.11384603153742757"
"1995-04-03T05:00:00.000Z",0.31696000695228577,0.3537899851799011,0.3002200126647949,0.3415200114250183,5674148592,"AAPL","monthly","TechnologyHardwareAndEquipment","0.08169118379265587"
"1995-05-01T05:00:00.000Z",0.3415200114250183,0.3962000012397766,0.3348200023174286,0.37108999490737915,6384800240,"AAPL","monthly","TechnologyHardwareAndEquipment","0.08303833116234265"
"1995-06-01T05:00:00.000Z",0.373879998922348,0.4475399851799011,0.37053999304771423,0.4146200120449066,5521884368,"AAPL","monthly","TechnologyHardwareAndEquipment","0.11091786008995044"
"1995-07-03T05:00:00.000Z",0.4151799976825714,0.44530999660491943,0.3819600045681,0.40178999304771423,5710563040,"AAPL","monthly","TechnologyHardwareAndEquipment","-0.031432920391579605"
"1995-08-01T05:00:00.000Z",0.40066999197006226,0.4129500091075897,0.373879998922348,0.3839299976825714,5292507920,"AAPL","monthly","TechnologyHardwareAndEquipment","-0.04546930849601382"
"1995-09-01T05:00:00.000Z",0.3839299976825714,0.40625,0.30970999598503113,0.3325900137424469,7311354736,"AAPL","monthly","TechnologyHardwareAndEquipment","-0.14354969678705035"
"1995-10-02T05:00:00.000Z",0.3370499908924103,0.3532400131225586,0.3002200126647949,0.3242200016975403,6499802064,"AAPL","monthly","TechnologyHardwareAndEquipment","-0.025488238531599997"
"1995-11-01T05:00:00.000Z",0.32701000571250916,0.37946000695228577,0.31696000695228577,0.34040001034736633,4864577984,"AAPL","monthly","TechnologyHardwareAndEquipment","0.04869912414769312"
"1995-12-01T05:00:00.000Z",0.33928999304771423,0.35826000571250916,0.282370001077652,0.28459998965263367,6565579776,"AAPL","monthly","TechnologyHardwareAndEquipment","-0.17903677779871238"
"1996-01-02T05:00:00.000Z",0.2879500091075897,0.31696000695228577,0.23982000350952148,0.24664999544620514,10299988160,"AAPL","monthly","TechnologyHardwareAndEquipment","-0.14311434008100546"
"1996-02-01T05:00:00.000Z",0.24553999304771423,0.2700900137424469,0.24330000579357147,0.24553999304771423,4652337984,"AAPL","monthly","TechnologyHardwareAndEquipment","-0.00451047077874524"
"1996-03-01T05:00:00.000Z",0.24664999544620514,0.24664999544620514,0.20535999536514282,0.219310000538826,3343403616,"AAPL","monthly","TechnologyHardwareAndEquipment","-0.1129735819620953"
"1996-04-01T05:00:00.000Z",0.22432999312877655,0.23660999536514282,0.21205000579357147,0.21762999892234802,2867022256,"AAPL","monthly","TechnologyHardwareAndEquipment","-0.007689888302114896"
"1996-05-01T05:00:00.000Z",0.21762999892234802,0.25780999660491943,0.2098200023174286,0.23326000571250916,3603904640,"AAPL","monthly","TechnologyHardwareAndEquipment","0.06935736757856865"
"1996-06-03T05:00:00.000Z",0.23103000223636627,0.23214000463485718,0.17521999776363373,0.1875,4673943008,"AAPL","monthly","TechnologyHardwareAndEquipment","-0.218374890342317"
"1996-07-01T05:00:00.000Z",0.18862000107765198,0.20311999320983887,0.14285999536514282,0.1964299976825714,4771853296,"AAPL","monthly","TechnologyHardwareAndEquipment","0.04652727653798675"
"1996-08-01T05:00:00.000Z",0.1964299976825714,0.22321000695228577,0.18526999652385712,0.21651999652385712,3187376080,"AAPL","monthly","TechnologyHardwareAndEquipment","0.09737678392572044"
"1996-09-03T05:00:00.000Z",0.21539999544620514,0.21987000107765198,0.18080000579357147,0.1981000006198883,3213382928,"AAPL","monthly","TechnologyHardwareAndEquipment","-0.08891094904049901"
"1996-10-01T05:00:00.000Z",0.1964299976825714,0.24776999652385712,0.1964299976825714,0.20535999536514282,5816982080,"AAPL","monthly","TechnologyHardwareAndEquipment","0.035992557159785665"
"1996-11-01T05:00:00.000Z",0.20870999991893768,0.23548999428749084,0.20646999776363373,0.21539999544620514,2581366144,"AAPL","monthly","TechnologyHardwareAndEquipment","0.047732229587719534"
"1996-12-02T05:00:00.000Z",0.21539999544620514,0.2276799976825714,0.18526999652385712,0.18637999892234802,4147474912,"AAPL","monthly","TechnologyHardwareAndEquipment","-0.14470914900568477"
"1997-01-02T05:00:00.000Z",0.18862000107765198,0.1986600011587143,0.1473200023174286,0.14844000339508057,9072119504,"AAPL","monthly","TechnologyHardwareAndEquipment","-0.22760673551136126"
"1997-02-03T05:00:00.000Z",0.15067000687122345,0.15960000455379486,0.13504000008106232,0.1450899988412857,4574184496,"AAPL","monthly","TechnologyHardwareAndEquipment","-0.022826627522715495"
"1997-03-03T05:00:00.000Z",0.1473200023174286,0.17298999428749084,0.14173999428749084,0.16294999420642853,4502089648,"AAPL","monthly","TechnologyHardwareAndEquipment","0.11608913818786279"
"1997-04-01T05:00:00.000Z",0.15737000107765198,0.17745999991893768,0.14955000579357147,0.15178999304771423,3809895264,"AAPL","monthly","TechnologyHardwareAndEquipment","-0.07094542889251487"
"1997-05-01T05:00:00.000Z",0.15067000687122345,0.16071000695228577,0.14620999991893768,0.14844000339508057,2292192784,"AAPL","monthly","TechnologyHardwareAndEquipment","-0.022317081772632523"
"1997-06-02T05:00:00.000Z",0.15178999304771423,0.15289999544620514,0.125,0.12723000347614288,2572294032,"AAPL","monthly","TechnologyHardwareAndEquipment","-0.1541843595878009"
"1997-07-01T05:00:00.000Z",0.12443999946117401,0.16182999312877655,0.1138399988412857,0.15625,6765107888,"AAPL","monthly","TechnologyHardwareAndEquipment","0.20546078914017876"
"1997-08-01T05:00:00.000Z",0.15737000107765198,0.26561999320983887,0.156810000538826,0.19419999420642853,17629645264,"AAPL","monthly","TechnologyHardwareAndEquipment","0.21743123740769849"
"1997-09-02T05:00:00.000Z",0.1964299976825714,0.2075899988412857,0.1875,0.19363999366760254,3606144640,"AAPL","monthly","TechnologyHardwareAndEquipment","-0.0028877936546241904"
"1997-10-01T05:00:00.000Z",0.19363999366760254,0.22098000347614288,0.14173999428749084,0.15206000208854675,6430227440,"AAPL","monthly","TechnologyHardwareAndEquipment","-0.24172553883427714"
"1997-11-03T05:00:00.000Z",0.156810000538826,0.19196000695228577,0.15067000687122345,0.15848000347614288,5547510080,"AAPL","monthly","TechnologyHardwareAndEquipment","0.041353230789255915"
"1997-12-01T05:00:00.000Z",0.1579200029373169,0.16016000509262085,0.1138399988412857,0.11719000339508057,5096440608,"AAPL","monthly","TechnologyHardwareAndEquipment","-0.30183184608331726"
"1998-01-02T05:00:00.000Z",0.12165000289678574,0.1785700023174286,0.12054000049829483,0.16349999606609344,10212885872,"AAPL","monthly","TechnologyHardwareAndEquipment","0.33301638803547057"
"1998-02-02T05:00:00.000Z",0.1651799976825714,0.21317000687122345,0.15512999892234802,0.21094000339508057,7354172560,"AAPL","monthly","TechnologyHardwareAndEquipment","0.25476078266675684"
"1998-03-02T05:00:00.000Z",0.21038000285625458,0.25,0.19307999312877655,0.24553999304771423,10625852608,"AAPL","monthly","TechnologyHardwareAndEquipment","0.1518860894949498"
"1998-04-01T05:00:00.000Z",0.24498000741004944,0.26451000571250916,0.2204200029373169,0.24442000687122345,8082946032,"AAPL","monthly","TechnologyHardwareAndEquipment","-0.0045717533162080515"
"1998-05-01T05:00:00.000Z",0.24553999304771423,0.282370001077652,0.22879000008106232,0.23771999776363373,6803792800,"AAPL","monthly","TechnologyHardwareAndEquipment","-0.02779458403132063"
"1998-06-01T05:00:00.000Z",0.23660999536514282,0.2589299976825714,0.22879000008106232,0.25613999366760254,3909844512,"AAPL","monthly","TechnologyHardwareAndEquipment","0.07463064418462256"
"1998-07-01T05:00:00.000Z",0.25780999660491943,0.34040001034736633,0.25446000695228577,0.30915001034736633,10927670432,"AAPL","monthly","TechnologyHardwareAndEquipment","0.18810248419943404"
"1998-08-03T05:00:00.000Z",0.3057999908924103,0.39061999320983887,0.27678999304771423,0.27845999598503113,13220884096,"AAPL","monthly","TechnologyHardwareAndEquipment","-0.10455222141228865"
"1998-09-01T05:00:00.000Z",0.280129998922348,0.35881999135017395,0.27344000339508057,0.34040001034736633,8080325344,"AAPL","monthly","TechnologyHardwareAndEquipment","0.2008470190342238"
"1998-10-01T05:00:00.000Z",0.32811999320983887,0.36886000633239746,0.25446000695228577,0.3314700126647949,12930490160,"AAPL","monthly","TechnologyHardwareAndEquipment","-0.026584081095727137"
"1998-11-02T05:00:00.000Z",0.3348200023174286,0.35155999660491943,0.2834799885749817,0.28516000509262085,10123420272,"AAPL","monthly","TechnologyHardwareAndEquipment","-0.1504869018929133"
"1998-12-01T05:00:00.000Z",0.28571000695228577,0.37053999304771423,0.282370001077652,0.3655099868774414,12924016784,"AAPL","monthly","TechnologyHardwareAndEquipment","0.2482431585863849"
"1999-01-04T05:00:00.000Z",0.376120001077652,0.42243000864982605,0.33090999722480774,0.36774998903274536,15127417536,"AAPL","monthly","TechnologyHardwareAndEquipment","0.0061097269643326955"
"1999-02-01T05:00:00.000Z",0.37220999598503113,0.3744400143623352,0.30803999304771423,0.3108299970626831,8116523856,"AAPL","monthly","TechnologyHardwareAndEquipment","-0.16815720017710858"
"1999-03-01T05:00:00.000Z",0.3108299970626831,0.3314700126647949,0.28571000695228577,0.3208700120449066,9952015136,"AAPL","monthly","TechnologyHardwareAndEquipment","0.03178996473442007"
"1999-04-01T05:00:00.000Z",0.3219900131225586,0.42076000571250916,0.2991099953651428,0.41071000695228577,15888984496,"AAPL","monthly","TechnologyHardwareAndEquipment","0.24685129205029124"
"1999-05-03T05:00:00.000Z",0.41126999258995056,0.4464299976825714,0.3571400046348572,0.39340999722480774,8908879840,"AAPL","monthly","TechnologyHardwareAndEquipment","-0.04303506826843771"
"1999-06-01T05:00:00.000Z",0.40178999304771423,0.4375,0.3755599856376648,0.41350001096725464,6918626624,"AAPL","monthly","TechnologyHardwareAndEquipment","0.049805222988602224"
"1999-07-01T05:00:00.000Z",0.41350001096725464,0.5055800080299377,0.40345999598503113,0.49720999598503113,11466592816,"AAPL","monthly","TechnologyHardwareAndEquipment","0.18435492300330414"
"1999-08-02T05:00:00.000Z",0.49665001034736633,0.5881699919700623,0.46540001034736633,0.5825899839401245,9244611040,"AAPL","monthly","TechnologyHardwareAndEquipment","0.15847118838635496"
"1999-09-01T05:00:00.000Z",0.5982099771499634,0.715399980545044,0.5128300189971924,0.5652899742126465,18967486608,"AAPL","monthly","TechnologyHardwareAndEquipment","-0.03014482419180205"
"1999-10-01T05:00:00.000Z",0.5546900033950806,0.723770022392273,0.53125,0.715399980545044,14468509328,"AAPL","monthly","TechnologyHardwareAndEquipment","0.23550297144581345"
"1999-11-01T05:00:00.000Z",0.7142900228500366,0.9263399839401245,0.6902899742126465,0.8738800287246704,8625933904,"AAPL","monthly","TechnologyHardwareAndEquipment","0.2001012996977582"
"1999-12-01T05:00:00.000Z",0.9017800092697144,1.053570032119751,0.8130599856376648,0.9179700016975403,9418222464,"AAPL","monthly","TechnologyHardwareAndEquipment","0.04922161286900678"
"2000-01-03T05:00:00.000Z",0.9363800287246704,1.084820032119751,0.7723199725151062,0.9263399839401245,12554696224,"AAPL","monthly","TechnologyHardwareAndEquipment","0.009076608347810806"
"2000-02-01T05:00:00.000Z",0.9285699725151062,1.070870041847229,0.8660699725151062,1.0234400033950806,7319788560,"AAPL","monthly","TechnologyHardwareAndEquipment","0.09968346378112442"
"2000-03-01T05:00:00.000Z",1.058590054512024,1.3426300287246704,1.0178600549697876,1.2126100063323975,8699226368,"AAPL","monthly","TechnologyHardwareAndEquipment","0.16960556124218282"
"2000-04-03T05:00:00.000Z",1.209820032119751,1.2455300092697144,0.9363800287246704,1.107699990272522,8662860192,"AAPL","monthly","TechnologyHardwareAndEquipment","-0.0904892818270879"
"2000-05-01T05:00:00.000Z",1.1149499416351318,1.1272300481796265,0.7299100160598755,0.75,9807870912,"AAPL","monthly","TechnologyHardwareAndEquipment","-0.3899678572108409"
"2000-06-01T05:00:00.000Z",0.7299100160598755,1.0290199518203735,0.7176300287246704,0.9352700114250183,8105228880,"AAPL","monthly","TechnologyHardwareAndEquipment","0.22076206334150314"
"2000-07-03T05:00:00.000Z",0.9308000206947327,1.0825899839401245,0.8370500206947327,0.9073699712753296,5746781208,"AAPL","monthly","TechnologyHardwareAndEquipment","-0.03028499633998325"
"2000-08-01T05:00:00.000Z",0.8984389901161194,1.0982099771499634,0.7901800274848938,1.088170051574707,5636091384,"AAPL","monthly","TechnologyHardwareAndEquipment","0.18170243907406883"
"2000-09-01T05:00:00.000Z",1.0948599576950073,1.1450899839401245,0.45311999320983887,0.4598200023174286,14522264400,"AAPL","monthly","TechnologyHardwareAndEquipment","-0.861417599010294"
"2000-10-02T05:00:00.000Z",0.4765610098838806,0.4776799976825714,0.3125,0.34933000802993774,21906398024,"AAPL","monthly","TechnologyHardwareAndEquipment","-0.27481805642634866"
"2000-11-01T05:00:00.000Z",0.34709998965263367,0.41071099042892456,0.2879500091075897,0.294638991355896,8488538352,"AAPL","monthly","TechnologyHardwareAndEquipment","-0.1702662083485064"
"2000-12-01T05:00:00.000Z",0.3035700023174286,0.3125,0.24330000579357147,0.26561999320983887,8859857776,"AAPL","monthly","TechnologyHardwareAndEquipment","-0.10368415841213195"
"2001-01-02T05:00:00.000Z",0.26561999320983887,0.40178900957107544,0.2578110098838806,0.3861609995365143,13710196360,"AAPL","monthly","TechnologyHardwareAndEquipment","0.374187689340147"
"2001-02-01T05:00:00.000Z",0.36941999197006226,0.39173901081085205,0.3214299976825714,0.325888991355896,7065526496,"AAPL","monthly","TechnologyHardwareAndEquipment","-0.16969757368449034"
"2001-03-01T05:00:00.000Z",0.31808000802993774,0.424111008644104,0.30691999197006226,0.3941110074520111,10801418880,"AAPL","monthly","TechnologyHardwareAndEquipment","0.1900758083530588"
"2001-04-02T05:00:00.000Z",0.3944610059261322,0.4842889904975891,0.3348200023174286,0.45517998933792114,11185719384,"AAPL","monthly","TechnologyHardwareAndEquipment","0.14406030727451444"
"2001-05-01T05:00:00.000Z",0.45375001430511475,0.4767889976501465,0.34463900327682495,0.35624998807907104,7472898776,"AAPL","monthly","TechnologyHardwareAndEquipment","-0.2450602235712906"
"2001-06-01T05:00:00.000Z",0.3594610095024109,0.44821101427078247,0.34553900361061096,0.4151799976825714,7687592024,"AAPL","monthly","TechnologyHardwareAndEquipment","0.15307945743230106"
"2001-07-02T05:00:00.000Z",0.4221389889717102,0.4503610134124756,0.318789005279541,0.3355390131473541,8661001720,"AAPL","monthly","TechnologyHardwareAndEquipment","-0.21297392230291018"
"2001-08-01T05:00:00.000Z",0.33946099877357483,0.3553610146045685,0.308569997549057,0.33125001192092896,5131362992,"AAPL","monthly","TechnologyHardwareAndEquipment","-0.01286481996185249"
"2001-09-04T05:00:00.000Z",0.330361008644104,0.34071099758148193,0.2621389925479889,0.27696099877357483,5529814752,"AAPL","monthly","TechnologyHardwareAndEquipment","-0.17899671566521785"
"2001-10-01T05:00:00.000Z",0.27661100029945374,0.34678900241851807,0.26482000946998596,0.3135699927806854,7566794088,"AAPL","monthly","TechnologyHardwareAndEquipment","0.12414589998902492"
"2001-11-01T05:00:00.000Z",0.3151800036430359,0.38482001423835754,0.30803900957107544,0.38036099076271057,5370231160,"AAPL","monthly","TechnologyHardwareAndEquipment","0.19309817985848599"
"2001-12-03T05:00:00.000Z",0.3760699927806854,0.4291110038757324,0.35874998569488525,0.39107000827789307,4630638544,"AAPL","monthly","TechnologyHardwareAndEquipment","0.027765815791592315"
"2002-01-02T05:00:00.000Z",0.39375001192092896,0.44161099195480347,0.36177000403404236,0.441430002450943,8521623208,"AAPL","monthly","TechnologyHardwareAndEquipment","0.12113286936744935"
"2002-02-01T05:00:00.000Z",0.43463900685310364,0.46393001079559326,0.3739300072193146,0.38749998807907104,7837918592,"AAPL","monthly","TechnologyHardwareAndEquipment","-0.13030364459976232"
"2002-03-01T05:00:00.000Z",0.3916110098361969,0.451788991689682,0.3896389901638031,0.42267999053001404,5301944760,"AAPL","monthly","TechnologyHardwareAndEquipment","0.08689955113849339"
"2002-04-01T05:00:00.000Z",0.41749998927116394,0.4673199951648712,0.41071099042892456,0.43338900804519653,6434433824,"AAPL","monthly","TechnologyHardwareAndEquipment","0.025020357464749378"
"2002-05-01T05:00:00.000Z",0.4337500035762787,0.46393001079559326,0.3953610062599182,0.41607001423835754,5979707832,"AAPL","monthly","TechnologyHardwareAndEquipment","-0.0407821770755407"
"2002-06-03T05:00:00.000Z",0.4176799952983856,0.41874998807907104,0.28536099195480347,0.316430002450943,8726734464,"AAPL","monthly","TechnologyHardwareAndEquipment","-0.27375149372538893"
"2002-07-01T05:00:00.000Z",0.3162499964237213,0.3355390131473541,0.24642999470233917,0.27250000834465027,8136382016,"AAPL","monthly","TechnologyHardwareAndEquipment","-0.14946341110615852"
"2002-08-01T05:00:00.000Z",0.2698200047016144,0.2901799976825714,0.24946099519729614,0.263388991355896,5166212352,"AAPL","monthly","TechnologyHardwareAndEquipment","-0.034006650686847724"
"2002-09-03T05:00:00.000Z",0.25874999165534973,0.27125000953674316,0.25088900327682495,0.2589299976825714,5300269408,"AAPL","monthly","TechnologyHardwareAndEquipment","-0.017074248089364117"
"2002-10-01T05:00:00.000Z",0.26071101427078247,0.29357001185417175,0.23857000470161438,0.28696098923683167,6625561544,"AAPL","monthly","TechnologyHardwareAndEquipment","0.1027885345671175"
"2002-11-01T05:00:00.000Z",0.28463900089263916,0.31036099791526794,0.2680389881134033,0.27678900957107544,4528224736,"AAPL","monthly","TechnologyHardwareAndEquipment","-0.03609076286834414"
"2002-12-02T05:00:00.000Z",0.2839300036430359,0.2874999940395355,0.246069997549057,0.25588899850845337,4544833216,"AAPL","monthly","TechnologyHardwareAndEquipment","-0.07851176677669978"
"2003-01-02T05:00:00.000Z",0.2564300000667572,0.2746390104293823,0.24213899672031403,0.2564300000667572,6067748064,"AAPL","monthly","TechnologyHardwareAndEquipment","0.0021119722707917156"
"2003-02-03T05:00:00.000Z",0.25731998682022095,0.2732110023498535,0.2510699927806854,0.2680389881134033,4132151576,"AAPL","monthly","TechnologyHardwareAndEquipment","0.04427672482251895"
"2003-03-03T05:00:00.000Z",0.2680389881134033,0.2707110047340393,0.25071099400520325,0.2524999976158142,3989807416,"AAPL","monthly","TechnologyHardwareAndEquipment","-0.059721208691946026"
"2003-04-01T05:00:00.000Z",0.25356999039649963,0.266961008310318,0.22713899612426758,0.253930002450943,7801888864,"AAPL","monthly","TechnologyHardwareAndEquipment","0.005647408864248236"
"2003-05-01T05:00:00.000Z",0.25446099042892456,0.33928900957107544,0.25,0.3205389976501465,10830128624,"AAPL","monthly","TechnologyHardwareAndEquipment","0.23294529835682942"
"2003-06-02T05:00:00.000Z",0.32321101427078247,0.3516109883785248,0.2969610095024109,0.34036099910736084,6134349312,"AAPL","monthly","TechnologyHardwareAndEquipment","0.060002869925821094"
"2003-07-01T05:00:00.000Z",0.3369610011577606,0.3851799964904785,0.3305389881134033,0.3764300048351288,5232659488,"AAPL","monthly","TechnologyHardwareAndEquipment","0.10072530340406398"
"2003-08-01T05:00:00.000Z",0.375,0.40803900361061096,0.34678900241851807,0.4037500023841858,4314142448,"AAPL","monthly","TechnologyHardwareAndEquipment","0.07006376061791313"
"2003-09-02T05:00:00.000Z",0.40463900566101074,0.4164299964904785,0.3598000109195709,0.3700000047683716,5359346720,"AAPL","monthly","TechnologyHardwareAndEquipment","-0.08729286191620961"
"2003-10-01T05:00:00.000Z",0.3698199987411499,0.44661998748779297,0.3605389893054962,0.4087499976158142,7053258240,"AAPL","monthly","TechnologyHardwareAndEquipment","0.09960069785283188"
"2003-11-03T05:00:00.000Z",0.4076800048351288,0.41607001423835754,0.35446101427078247,0.37338900566101074,4982614112,"AAPL","monthly","TechnologyHardwareAndEquipment","-0.09048292956890915"
"2003-12-01T05:00:00.000Z",0.37571099400520325,0.39107000827789307,0.34375,0.3816109895706177,5471483528,"AAPL","monthly","TechnologyHardwareAndEquipment","0.02178095101491501"
"2004-01-02T05:00:00.000Z",0.38482001423835754,0.44356998801231384,0.37821099162101746,0.40286099910736084,7935010664,"AAPL","monthly","TechnologyHardwareAndEquipment","0.05418984925874793"
"2004-02-02T05:00:00.000Z",0.4010699987411499,0.4303610026836395,0.38749998807907104,0.427139014005661,4926396328,"AAPL","monthly","TechnologyHardwareAndEquipment","0.05851793289443486"
"2004-03-01T05:00:00.000Z",0.43018001317977905,0.5024999976158142,0.42142999172210693,0.4828610122203827,11637937416,"AAPL","monthly","TechnologyHardwareAndEquipment","0.12261933288602758"
"2004-04-01T05:00:00.000Z",0.4803610146045685,0.5282109975814819,0.45517998933792114,0.4603610038757324,8943036704,"AAPL","monthly","TechnologyHardwareAndEquipment","-0.047717880133928824"
"2004-05-03T05:00:00.000Z",0.46428900957107544,0.5139300227165222,0.455361008644104,0.5010700225830078,5313017304,"AAPL","monthly","TechnologyHardwareAndEquipment","0.08473488422342464"
"2004-06-01T05:00:00.000Z",0.4962500035762787,0.6105390191078186,0.49303901195526123,0.5810700058937073,8275369256,"AAPL","monthly","TechnologyHardwareAndEquipment","0.1481253847118053"
"2004-07-01T05:00:00.000Z",0.5728610157966614,0.6005390286445618,0.5132110118865967,0.5774999856948853,9719442152,"AAPL","monthly","TechnologyHardwareAndEquipment","-0.006162824039923071"
"2004-08-02T05:00:00.000Z",0.5578609704971313,0.6282110214233398,0.530360996723175,0.6158890128135681,8014667416,"AAPL","monthly","TechnologyHardwareAndEquipment","0.06435835567109947"
"2004-09-01T05:00:00.000Z",0.612500011920929,0.7012500166893005,0.6105390191078186,0.6919609904289246,7690007136,"AAPL","monthly","TechnologyHardwareAndEquipment","0.1164628085198737"
"2004-10-01T05:00:00.000Z",0.6985700130462646,0.949999988079071,0.6723200082778931,0.9357110261917114,16151206288,"AAPL","monthly","TechnologyHardwareAndEquipment","0.30177711429251747"
"2004-11-01T05:00:00.000Z",0.9375,1.242319941520691,0.9292799830436707,1.1973199844360352,17455987920,"AAPL","monthly","TechnologyHardwareAndEquipment","0.24653429572683602"
"2004-12-01T05:00:00.000Z",1.2105300426483154,1.2133899927139282,1.100000023841858,1.149999976158142,16018118536,"AAPL","monthly","TechnologyHardwareAndEquipment","-0.040323791210268294"
"2005-01-03T05:00:00.000Z",1.1567800045013428,1.3908900022506714,1.117859959602356,1.3732099533081055,25872570136,"AAPL","monthly","TechnologyHardwareAndEquipment","0.17738910919018352"
"2005-02-01T05:00:00.000Z",1.3753600120544434,1.6228599548339844,1.3674999475479126,1.602139949798584,21490934920,"AAPL","monthly","TechnologyHardwareAndEquipment","0.15418917342209745"
"2005-03-01T05:00:00.000Z",1.6067800521850586,1.6110700368881226,1.386780023574829,1.4882099628448486,14730907380,"AAPL","monthly","TechnologyHardwareAndEquipment","-0.07376617373633265"
"2005-04-01T05:00:00.000Z",1.5032099485397339,1.587499976158142,1.2142800092697144,1.2878600358963013,19471005372,"AAPL","monthly","TechnologyHardwareAndEquipment","-0.14459207652404074"
"2005-05-02T05:00:00.000Z",1.2932100296020508,1.4621399641036987,1.1825000047683716,1.4199700355529785,12923517096,"AAPL","monthly","TechnologyHardwareAndEquipment","0.09765381567225438"
"2005-06-01T05:00:00.000Z",1.4246400594711304,1.4557100534439087,1.2685699462890625,1.3146400451660156,11431378840,"AAPL","monthly","TechnologyHardwareAndEquipment","-0.07707287142018798"
"2005-07-01T05:00:00.000Z",1.3153599500656128,1.5850000381469727,1.2960699796676636,1.523210048675537,10230352300,"AAPL","monthly","TechnologyHardwareAndEquipment","0.14725708386827494"
"2005-08-01T05:00:00.000Z",1.520359992980957,1.7260700464248657,1.5007100105285645,1.6746400594711304,9459703204,"AAPL","monthly","TechnologyHardwareAndEquipment","0.09477827020155477"
"2005-09-01T05:00:00.000Z",1.678570032119751,1.9485700130462646,1.6460700035095215,1.914639949798584,12356109948,"AAPL","monthly","TechnologyHardwareAndEquipment","0.1339313368675421"
"2005-10-03T05:00:00.000Z",1.9342800378799438,2.0707099437713623,1.7096400260925293,2.0567800998687744,18693497172,"AAPL","monthly","TechnologyHardwareAndEquipment","0.07161211245083343"
"2005-11-01T05:00:00.000Z",2.0442800521850586,2.538209915161133,2.0310699939727783,2.422139883041382,13472118212,"AAPL","monthly","TechnologyHardwareAndEquipment","0.16350969700595672"
"2005-12-01T05:00:00.000Z",2.4625000953674316,2.694999933242798,2.4574999809265137,2.567500114440918,13067024516,"AAPL","monthly","TechnologyHardwareAndEquipment","0.05828130875222992"
"2006-01-03T05:00:00.000Z",2.5850000381469727,3.085710048675537,2.5310699939727783,2.69677996635437,21902038004,"AAPL","monthly","TechnologyHardwareAndEquipment","0.04912574884354183"
"2006-02-01T05:00:00.000Z",2.6767799854278564,2.730710029602051,2.246429920196533,2.4460699558258057,18770681272,"AAPL","monthly","TechnologyHardwareAndEquipment","-0.09757581928869395"
"2006-03-01T05:00:00.000Z",2.4585700035095215,2.4996399879455566,2.0596399307250977,2.240000009536743,23203178320,"AAPL","monthly","TechnologyHardwareAndEquipment","-0.08800676682389894"
"2006-04-03T05:00:00.000Z",2.273930072784424,2.5732100009918213,2.1803500652313232,2.513930082321167,20131178396,"AAPL","monthly","TechnologyHardwareAndEquipment","0.11537142832879459"
"2006-05-01T05:00:00.000Z",2.5274999141693115,2.6357100009918213,2.0960700511932373,2.1346399784088135,15621071564,"AAPL","monthly","TechnologyHardwareAndEquipment","-0.16354929437194038"
"2006-06-01T05:00:00.000Z",2.137500047683716,2.253570079803467,1.9789299964904785,2.0453600883483887,17961555556,"AAPL","monthly","TechnologyHardwareAndEquipment","-0.04272414776523416"
"2006-07-03T05:00:00.000Z",2.0542800426483154,2.4510700702667236,1.7914299964904785,2.4271399974823,17498101012,"AAPL","monthly","TechnologyHardwareAndEquipment","0.1711397521114428"
"2006-08-01T05:00:00.000Z",2.400710105895996,2.5,2.234999895095825,2.4232099056243896,17901736860,"AAPL","monthly","TechnologyHardwareAndEquipment","-0.0016205398771239354"
"2006-09-01T05:00:00.000Z",2.4457099437713623,2.7778499126434326,2.422139883041382,2.7492799758911133,17737791232,"AAPL","monthly","TechnologyHardwareAndEquipment","0.12624598189677202"
"2006-10-02T05:00:00.000Z",2.6821401119232178,2.950000047683716,2.5928499698638916,2.895709991455078,14409363920,"AAPL","monthly","TechnologyHardwareAndEquipment","0.05189127798974244"
"2006-11-01T05:00:00.000Z",2.896430015563965,3.3271000385284424,2.778209924697876,3.2735700607299805,13847853852,"AAPL","monthly","TechnologyHardwareAndEquipment","0.12265082262503388"
"2006-12-01T05:00:00.000Z",3.2785699367523193,3.297499895095825,2.7417800426483154,3.0299999713897705,16939906704,"AAPL","monthly","TechnologyHardwareAndEquipment","-0.07731854098295263"
"2007-01-03T05:00:00.000Z",3.081779956817627,3.4928500652313232,2.924999952316284,3.0617799758911133,27284611676,"AAPL","monthly","TechnologyHardwareAndEquipment","0.010433828236113376"
"2007-02-01T05:00:00.000Z",3.0796399116516113,3.2432100772857666,2.959280014038086,3.021780014038086,13750316692,"AAPL","monthly","TechnologyHardwareAndEquipment","-0.013150371939447916"
"2007-03-01T05:00:00.000Z",3.001070022583008,3.458209991455078,2.991070032119751,3.3182098865509033,15936287080,"AAPL","monthly","TechnologyHardwareAndEquipment","0.09357938033922146"
"2007-04-02T05:00:00.000Z",3.362139940261841,3.660710096359253,3.200000047683716,3.5642800331115723,13518345428,"AAPL","monthly","TechnologyHardwareAndEquipment","0.07153663250950652"
"2007-05-01T05:00:00.000Z",3.5567800998687744,4.363210201263428,3.5196399688720703,4.328249931335449,17392004224,"AAPL","monthly","TechnologyHardwareAndEquipment","0.19420120818842154"
"2007-06-01T05:00:00.000Z",4.324999809265137,4.557499885559082,4.121419906616211,4.358570098876953,23315191480,"AAPL","monthly","TechnologyHardwareAndEquipment","0.006980757184689238"
"2007-07-02T05:00:00.000Z",4.323209762573242,5.318570137023926,4.260709762573242,4.705709934234619,24178377860,"AAPL","monthly","TechnologyHardwareAndEquipment","0.07663260637383648"
"2007-08-01T05:00:00.000Z",4.772850036621094,4.987500190734863,3.986419916152954,4.945710182189941,24369230592,"AAPL","monthly","TechnologyHardwareAndEquipment","0.049743920007923825"
"2007-09-04T05:00:00.000Z",4.997849941253662,5.535709857940674,4.642849922180176,5.481070041656494,20931837164,"AAPL","monthly","TechnologyHardwareAndEquipment","0.10277977399535138"
"2007-10-01T05:00:00.000Z",5.52249002456665,6.789989948272705,5.461780071258545,6.783919811248779,23280031404,"AAPL","monthly","TechnologyHardwareAndEquipment","0.21325473316933982"
"2007-11-01T05:00:00.000Z",6.735710144042969,6.881420135498047,5.379640102386475,6.507850170135498,26200564768,"AAPL","monthly","TechnologyHardwareAndEquipment","-0.04154591146524911"
"2007-12-03T05:00:00.000Z",6.49498987197876,7.248559951782227,6.321070194244385,7.07427978515625,17256268624,"AAPL","monthly","TechnologyHardwareAndEquipment","0.0834564745178954"
"2008-01-02T05:00:00.000Z",7.116779804229736,7.152140140533447,4.505000114440918,4.834280014038086,35180603948,"AAPL","monthly","TechnologyHardwareAndEquipment","-0.38073343464378295"
"2008-02-01T05:00:00.000Z",4.8657097816467285,4.878210067749023,4.122849941253662,4.465000152587891,24867391444,"AAPL","monthly","TechnologyHardwareAndEquipment","-0.07946295805009508"
"2008-03-03T05:00:00.000Z",4.44428014755249,5.204989910125732,4.214280128479004,5.124989986419678,22934617356,"AAPL","monthly","TechnologyHardwareAndEquipment","0.13785932265055054"
"2008-04-01T05:00:00.000Z",5.224989891052246,6.428569793701172,5.128920078277588,6.212490081787109,22792929992,"AAPL","monthly","TechnologyHardwareAndEquipment","0.19243322377522007"
"2008-05-01T05:00:00.000Z",6.248569965362549,6.8657097816467285,6.142849922180176,6.74105978012085,18591136760,"AAPL","monthly","TechnologyHardwareAndEquipment","0.08165535504191243"
"2008-06-02T05:00:00.000Z",6.735710144042969,6.783919811248779,5.862490177154541,5.979990005493164,19484922632,"AAPL","monthly","TechnologyHardwareAndEquipment","-0.11979825333143429"
"2008-07-01T05:00:00.000Z",5.865349769592285,6.461060047149658,5.23321008682251,5.6767802238464355,19752416908,"AAPL","monthly","TechnologyHardwareAndEquipment","-0.05203468663174316"
"2008-08-01T05:00:00.000Z",5.710710048675537,6.444640159606934,5.4610700607299805,6.05463981628418,13088530672,"AAPL","monthly","TechnologyHardwareAndEquipment","0.06444067989149845"
"2008-09-02T05:00:00.000Z",6.157139778137207,6.196420192718506,3.5924999713897705,4.059279918670654,24074977836,"AAPL","monthly","TechnologyHardwareAndEquipment","-0.39981929194851373"
"2008-10-01T05:00:00.000Z",3.9971399307250977,4.157139778137207,3.035710096359253,3.8424999713897705,41449767324,"AAPL","monthly","TechnologyHardwareAndEquipment","-0.05488240896529119"
"2008-11-03T05:00:00.000Z",3.783210039138794,3.992500066757202,2.826430082321167,3.3096399307250977,23633596728,"AAPL","monthly","TechnologyHardwareAndEquipment","-0.14928378777140697"
"2008-12-01T05:00:00.000Z",3.2607100009918213,3.700000047683716,3.0196399688720703,3.0482099056243896,20285232968,"AAPL","monthly","TechnologyHardwareAndEquipment","-0.08228489908560614"
"2009-01-02T05:00:00.000Z",3.0671401023864746,3.4703500270843506,2.7928500175476074,3.2189300060272217,18233172636,"AAPL","monthly","TechnologyHardwareAndEquipment","0.05449450594097358"
"2009-02-02T05:00:00.000Z",3.1821401119232178,3.678570032119751,3.089639902114868,3.1896400451660156,13868751260,"AAPL","monthly","TechnologyHardwareAndEquipment","-0.009140936144782438"
"2009-03-02T05:00:00.000Z",3.1471400260925293,3.9278500080108643,2.94035005569458,3.7542800903320312,15431423952,"AAPL","monthly","TechnologyHardwareAndEquipment","0.16298847462694366"
"2009-04-01T05:00:00.000Z",3.7174999713897705,4.542850017547607,3.7103500366210938,4.493919849395752,11823872340,"AAPL","monthly","TechnologyHardwareAndEquipment","0.17982879202766666"
"2009-05-01T05:00:00.000Z",4.492849826812744,4.853569984436035,4.2635698318481445,4.8503499031066895,9459468340,"AAPL","monthly","TechnologyHardwareAndEquipment","0.07632550873885104"
"2009-06-01T05:00:00.000Z",4.87391996383667,5.228569984436035,4.7457098960876465,5.086780071258545,12676510616,"AAPL","monthly","TechnologyHardwareAndEquipment","0.047594184102872986"
"2009-07-01T05:00:00.000Z",5.124989986419678,5.892849922180176,4.800710201263428,5.835350036621094,10943612120,"AAPL","monthly","TechnologyHardwareAndEquipment","0.13728922165699792"
"2009-08-03T05:00:00.000Z",5.900350093841553,6.1603498458862305,5.693570137023926,6.007490158081055,8166634280,"AAPL","monthly","TechnologyHardwareAndEquipment","0.02907279727776978"
"2009-09-01T05:00:00.000Z",5.999639987945557,6.746419906616211,5.861070156097412,6.619639873504639,9991118760,"AAPL","monthly","TechnologyHardwareAndEquipment","0.09703391834132176"
"2009-10-01T05:00:00.000Z",6.619639873504639,7.453919887542725,6.453559875488281,6.732140064239502,12956939660,"AAPL","monthly","TechnologyHardwareAndEquipment","0.01685211315531727"
"2009-11-02T05:00:00.000Z",6.778560161590576,7.42855978012085,6.627490043640137,7.139639854431152,8457031912,"AAPL","monthly","TechnologyHardwareAndEquipment","0.05876925267166461"
"2009-12-01T05:00:00.000Z",7.2228498458862305,7.641059875488281,6.738560199737549,7.526140213012695,11395023612,"AAPL","monthly","TechnologyHardwareAndEquipment","0.05271998795692192"
"2010-01-04T05:00:00.000Z",7.622489929199219,7.699639797210693,6.794640064239502,6.859389781951904,15169788620,"AAPL","monthly","TechnologyHardwareAndEquipment","-0.09276383776738682"
"2010-02-01T05:00:00.000Z",6.870349884033203,7.327489852905273,6.8160600662231445,7.307849884033203,10777297440,"AAPL","monthly","TechnologyHardwareAndEquipment","0.06333061227175243"
"2010-03-01T05:00:00.000Z",7.348209857940674,8.481419563293457,7.337490081787109,8.392849922180176,12155825332,"AAPL","monthly","TechnologyHardwareAndEquipment","0.1384310466478538"
"2010-04-01T05:00:00.000Z",8.481780052185059,9.73069953918457,8.312490463256836,9.324629783630371,12367299532,"AAPL","monthly","TechnologyHardwareAndEquipment","0.1052791196217888"
"2010-05-03T05:00:00.000Z",9.422849655151367,9.567130088806152,7.11605978012085,9.174280166625977,18084148292,"AAPL","monthly","TechnologyHardwareAndEquipment","-0.016255328345162127"
"2010-06-01T05:00:00.000Z",9.274629592895508,9.964630126953125,8.64999008178711,8.983209609985352,16653455784,"AAPL","monthly","TechnologyHardwareAndEquipment","-0.021046698860553017"
"2010-07-01T05:00:00.000Z",9.082130432128906,9.499629974365234,8.557129859924316,9.187490463256836,15671095580,"AAPL","monthly","TechnologyHardwareAndEquipment","0.022485590476875292"
"2010-08-02T05:00:00.000Z",9.301420211791992,9.438559532165527,8.412850379943848,8.682129859924316,9589913704,"AAPL","monthly","TechnologyHardwareAndEquipment","-0.056575952385639415"
"2010-09-01T05:00:00.000Z",8.838210105895996,10.526100158691406,8.795709609985352,10.133899688720703,11852999452,"AAPL","monthly","TechnologyHardwareAndEquipment","0.1546193343766242"
"2010-10-01T05:00:00.000Z",10.219499588012695,11.392800331115723,9.920350074768066,10.749300003051758,12246209248,"AAPL","monthly","TechnologyHardwareAndEquipment","0.05895442794180823"
"2010-11-01T05:00:00.000Z",10.793600082397461,11.475000381469727,10.634300231933594,11.112500190734863,9510202968,"AAPL","monthly","TechnologyHardwareAndEquipment","0.03322998154566711"
"2010-12-01T05:00:00.000Z",11.259599685668945,11.666399955749512,11.246100425720215,11.520000457763672,6976164916,"AAPL","monthly","TechnologyHardwareAndEquipment","0.03601407700015923"
"2011-01-03T05:00:00.000Z",11.630000114440918,12.449999809265137,11.601300239562988,12.118599891662598,10843077588,"AAPL","monthly","TechnologyHardwareAndEquipment","0.050656758474103836"
"2011-02-01T05:00:00.000Z",12.189299583435059,13.032099723815918,12.061400413513184,12.61460018157959,9295903736,"AAPL","monthly","TechnologyHardwareAndEquipment","0.040113434222634844"
"2011-03-01T05:00:00.000Z",12.695300102233887,12.916799545288086,11.652099609375,12.446700096130371,11302988620,"AAPL","monthly","TechnologyHardwareAndEquipment","-0.01339935244247244"
"2011-04-01T05:00:00.000Z",12.539600372314453,12.683199882507324,11.434300422668457,12.504599571228027,9254771288,"AAPL","monthly","TechnologyHardwareAndEquipment","0.00464100706528245"
"2011-05-02T05:00:00.000Z",12.490699768066406,12.565299987792969,11.765000343322754,12.422499656677246,6912055108,"AAPL","monthly","TechnologyHardwareAndEquipment","-0.006587225466555536"
"2011-06-01T05:00:00.000Z",12.459600448608398,12.57610034942627,11.089300155639648,11.988200187683105,9266498332,"AAPL","monthly","TechnologyHardwareAndEquipment","-0.035586468536246085"
"2011-07-01T05:00:00.000Z",11.998200416564941,14.446399688720703,11.935700416564941,13.945699691772461,10654569884,"AAPL","monthly","TechnologyHardwareAndEquipment","0.15124834660001515"
"2011-08-01T05:00:00.000Z",14.206399917602539,14.267800331115723,12.607799530029297,13.743900299072266,16142748636,"AAPL","monthly","TechnologyHardwareAndEquipment","-0.014576083847354572"
"2011-09-01T05:00:00.000Z",13.77929973602295,15.102100372314453,13.088600158691406,13.618599891662598,11979381400,"AAPL","monthly","TechnologyHardwareAndEquipment","-0.009158613605261207"
"2011-10-03T05:00:00.000Z",13.584600448608398,15.239299774169922,12.651399612426758,14.456399917602539,13142440864,"AAPL","monthly","TechnologyHardwareAndEquipment","0.0597007199106275"
"2011-11-01T05:00:00.000Z",14.19320011138916,14.571399688720703,12.975700378417969,13.649999618530273,8967041888,"AAPL","monthly","TechnologyHardwareAndEquipment","-0.05739772369448"
"2011-12-01T05:00:00.000Z",13.662099838256836,14.610300064086914,13.48859977722168,14.464300155639648,6309377228,"AAPL","monthly","TechnologyHardwareAndEquipment","0.05794406166096149"
"2012-01-03T05:00:00.000Z",14.621399879455566,16.365699768066406,14.607099533081055,16.302799224853516,6861301776,"AAPL","monthly","TechnologyHardwareAndEquipment","0.11965326930921133"
"2012-02-01T05:00:00.000Z",16.37179946899414,19.5575008392334,16.213600158691406,19.372800827026367,11370753772,"AAPL","monthly","TechnologyHardwareAndEquipment","0.17253323844064514"
"2012-03-01T05:00:00.000Z",19.577499389648438,22.194599151611328,18.436399459838867,21.412500381469727,15584489900,"AAPL","monthly","TechnologyHardwareAndEquipment","0.10010481837023415"
"2012-04-02T05:00:00.000Z",21.493900299072266,23,19.821399688720703,20.856399536132812,15594382272,"AAPL","monthly","TechnologyHardwareAndEquipment","-0.026314048126133704"
"2012-05-01T05:00:00.000Z",20.889299392700195,21.31279945373535,18.64929962158203,20.63319969177246,11106846380,"AAPL","monthly","TechnologyHardwareAndEquipment","-0.010759419311792494"
"2012-06-01T05:00:00.000Z",20.32710075378418,21.071399688720703,19.58930015563965,20.857099533081055,7857683064,"AAPL","monthly","TechnologyHardwareAndEquipment","0.010792981442226509"
"2012-07-02T05:00:00.000Z",20.88319969177246,22.138200759887695,20.357099533081055,21.81279945373535,8910343792,"AAPL","monthly","TechnologyHardwareAndEquipment","0.04480253293660036"
"2012-08-01T05:00:00.000Z",21.996599197387695,24.31679916381836,21.4375,23.75860023498535,8277088344,"AAPL","monthly","TechnologyHardwareAndEquipment","0.08544765168363738"
"2012-09-04T05:00:00.000Z",23.777099609375,25.180999755859375,23.428600311279297,23.82509994506836,9199248688,"AAPL","monthly","TechnologyHardwareAndEquipment","0.0027950644075520636"
"2012-10-01T05:00:00.000Z",23.969999313354492,24.169599533081055,20.989299774169922,21.26140022277832,12143090484,"AAPL","monthly","TechnologyHardwareAndEquipment","-0.11384641190978569"
"2012-11-01T05:00:00.000Z",21.364999771118164,21.53569984436035,18.0625,20.902799606323242,12930640744,"AAPL","monthly","TechnologyHardwareAndEquipment","-0.017010130132230586"
"2012-12-03T05:00:00.000Z",21.201799392700195,21.235300064086914,17.901100158691406,19.006200790405273,12135874744,"AAPL","monthly","TechnologyHardwareAndEquipment","-0.09511781914239109"
"2013-01-02T05:00:00.000Z",19.779300689697266,19.821399688720703,15.535699844360352,16.267499923706055,13123656000,"AAPL","monthly","TechnologyHardwareAndEquipment","-0.15559603561616192"
"2013-02-01T05:00:00.000Z",16.396799087524414,17.319299697875977,15.63070011138916,15.764300346374512,9344347852,"AAPL","monthly","TechnologyHardwareAndEquipment","-0.031421335870414804"
"2013-03-01T05:00:00.000Z",15.642800331115723,16.783899307250977,14.964300155639648,15.809300422668457,9177539532,"AAPL","monthly","TechnologyHardwareAndEquipment","0.0028504893751587017"
"2013-04-01T05:00:00.000Z",15.782099723815918,15.901800155639648,13.753600120544434,15.813599586486816,10965035452,"AAPL","monthly","TechnologyHardwareAndEquipment","0.0002719019345854854"
"2013-05-01T05:00:00.000Z",15.873600006103516,16.633899688720703,14.960700035095215,16.062000274658203,9450569296,"AAPL","monthly","TechnologyHardwareAndEquipment","0.01558594772977596"
"2013-06-03T05:00:00.000Z",16.09749984741211,16.22960090637207,13.888199806213379,14.161800384521484,7021304472,"AAPL","monthly","TechnologyHardwareAndEquipment","-0.12590802488337458"
"2013-07-01T05:00:00.000Z",14.381799697875977,16.333599090576172,14.329299926757812,16.161800384521484,6540605988,"AAPL","monthly","TechnologyHardwareAndEquipment","0.13210223083781233"
"2013-08-01T05:00:00.000Z",16.276899337768555,18.34779930114746,16.18779945373535,17.40060043334961,8059459940,"AAPL","monthly","TechnologyHardwareAndEquipment","0.07385425646829435"
"2013-09-03T05:00:00.000Z",17.610700607299805,18.139999389648438,15.972100257873535,17.02680015563965,8635946508,"AAPL","monthly","TechnologyHardwareAndEquipment","-0.021716130828884194"
"2013-10-01T05:00:00.000Z",17.087499618530273,19.258899688720703,17.08139991760254,18.66790008544922,7837739644,"AAPL","monthly","TechnologyHardwareAndEquipment","0.09201689343033055"
"2013-11-01T05:00:00.000Z",18.71500015258789,19.94029998779297,18.299299240112305,19.859600067138672,5225952704,"AAPL","monthly","TechnologyHardwareAndEquipment","0.061882044917626985"
"2013-12-02T05:00:00.000Z",19.928600311279297,20.54050064086914,19.242799758911133,20.036399841308594,7058251200,"AAPL","monthly","TechnologyHardwareAndEquipment","0.008863090632667422"
"2014-01-02T05:00:00.000Z",19.845699310302734,20.007099151611328,17.626800537109375,17.87849998474121,8814802780,"AAPL","monthly","TechnologyHardwareAndEquipment","-0.11395173868535444"
"2014-02-03T05:00:00.000Z",17.950300216674805,19.685300827026367,17.83209991455078,18.794300079345703,5894219240,"AAPL","monthly","TechnologyHardwareAndEquipment","0.049954763841241284"
"2014-03-03T05:00:00.000Z",18.693599700927734,19.607099533081055,18.67180061340332,19.169300079345703,5007400860,"AAPL","monthly","TechnologyHardwareAndEquipment","0.01975640854492324"
"2014-04-01T05:00:00.000Z",19.205699920654297,21.408199310302734,18.26180076599121,21.074600219726562,6436327604,"AAPL","monthly","TechnologyHardwareAndEquipment","0.0947584891585763"
"2014-05-01T05:00:00.000Z",21.142799377441406,23.006099700927734,20.72599983215332,22.607099533081055,5736502576,"AAPL","monthly","TechnologyHardwareAndEquipment","0.07019546127893074"
"2014-06-02T05:00:00.000Z",22.641399383544922,23.762500762939453,22.232099533081055,23.232500076293945,4828932820,"AAPL","monthly","TechnologyHardwareAndEquipment","0.027288168154352813"
"2014-07-01T05:00:00.000Z",23.3799991607666,24.860000610351562,23.142499923706055,23.899999618530273,4141637728,"AAPL","monthly","TechnologyHardwareAndEquipment","0.028326279243099186"
"2014-08-01T05:00:00.000Z",23.725000381469727,25.725000381469727,23.31999969482422,25.625,3748317848,"AAPL","monthly","TechnologyHardwareAndEquipment","0.06968999448218381"
"2014-09-02T05:00:00.000Z",25.764999389648438,25.934999465942383,24.03499984741211,25.1875,6111750596,"AAPL","monthly","TechnologyHardwareAndEquipment","-0.01722059775167052"
"2014-10-01T05:00:00.000Z",25.147499084472656,27.010000228881836,23.795000076293945,27,5441120488,"AAPL","monthly","TechnologyHardwareAndEquipment","0.06948902629742724"
"2014-11-03T05:00:00.000Z",27.05500030517578,29.9375,26.93000030517578,29.732500076293945,3281886916,"AAPL","monthly","TechnologyHardwareAndEquipment","0.09640386018094603"
"2014-12-01T05:00:00.000Z",29.702499389648438,29.8125,26.565000534057617,27.594999313354492,4295103448,"AAPL","monthly","TechnologyHardwareAndEquipment","-0.07460615417677906"
"2015-01-02T05:00:00.000Z",27.84749984741211,30,26.157499313354492,29.290000915527344,5221054452,"AAPL","monthly","TechnologyHardwareAndEquipment","0.05961162008848069"
"2015-02-02T05:00:00.000Z",29.512500762939453,33.400001525878906,29.020000457763672,32.1150016784668,4546141972,"AAPL","monthly","TechnologyHardwareAndEquipment","0.09207707087704044"
"2015-03-02T05:00:00.000Z",32.3125,32.56999969482422,30.407499313354492,31.107500076293945,4554567640,"AAPL","monthly","TechnologyHardwareAndEquipment","-0.03187431285377796"
"2015-04-01T05:00:00.000Z",31.204999923706055,33.6349983215332,30.774999618530273,31.287500381469727,3984542044,"AAPL","monthly","TechnologyHardwareAndEquipment","0.0057697188300535"
"2015-05-01T05:00:00.000Z",31.524999618530273,33.24250030517578,30.84000015258789,32.56999969482422,3816608504,"AAPL","monthly","TechnologyHardwareAndEquipment","0.040172940968006304"
"2015-06-01T05:00:00.000Z",32.79999923706055,32.84749984741211,31.1200008392334,31.356300354003906,3514427364,"AAPL","monthly","TechnologyHardwareAndEquipment","-0.03797639480098943"
"2015-07-01T05:00:00.000Z",31.725000381469727,33.24250030517578,29.80500030517578,30.325000762939453,4233122788,"AAPL","monthly","TechnologyHardwareAndEquipment","-0.033442735128434445"
"2015-08-03T05:00:00.000Z",30.375,30.642499923706055,23,28.190000534057617,6429149068,"AAPL","monthly","TechnologyHardwareAndEquipment","-0.07300515591792282"
"2015-09-01T05:00:00.000Z",27.537500381469727,29.22249984741211,26.84000015258789,27.575000762939453,4826189332,"AAPL","monthly","TechnologyHardwareAndEquipment","-0.02205773126359147"
"2015-10-01T05:00:00.000Z",27.267499923706055,30.30500030517578,26.827499389648438,29.875,4454815316,"AAPL","monthly","TechnologyHardwareAndEquipment","0.0801124174443137"
"2015-11-02T05:00:00.000Z",29.967500686645508,30.954999923706055,27.75,29.575000762939453,3002562292,"AAPL","monthly","TechnologyHardwareAndEquipment","-0.01009257459045532"
"2015-12-01T05:00:00.000Z",29.6875,29.96500015258789,26.204999923706055,26.315000534057617,3690505036,"AAPL","monthly","TechnologyHardwareAndEquipment","-0.1167902965606791"
"2016-01-04T05:00:00.000Z",25.65250015258789,26.462499618530273,23.09749984741211,24.334999084472656,5087392348,"AAPL","monthly","TechnologyHardwareAndEquipment","-0.07822353343695802"
"2016-02-01T05:00:00.000Z",24.11750030517578,24.72249984741211,23.147499084472656,24.172500610351562,3243450188,"AAPL","monthly","TechnologyHardwareAndEquipment","-0.0066999570381853"
"2016-03-01T05:00:00.000Z",24.412500381469727,27.604999542236328,24.354999542236328,27.247499465942383,2984545864,"AAPL","monthly","TechnologyHardwareAndEquipment","0.11974610555568949"
"2016-04-01T05:00:00.000Z",27.19499969482422,28.09749984741211,23.127500534057617,23.434999465942383,3489534492,"AAPL","monthly","TechnologyHardwareAndEquipment","-0.15073114559530662"
"2016-05-02T05:00:00.000Z",23.491199493408203,25.1825008392334,22.36750030517578,24.96500015258789,3604579072,"AAPL","monthly","TechnologyHardwareAndEquipment","0.06324424147886502"
"2016-06-01T05:00:00.000Z",24.7549991607666,25.47249984741211,22.875,23.899999618530273,3122520940,"AAPL","monthly","TechnologyHardwareAndEquipment","-0.04359640708825669"
"2016-07-01T05:00:00.000Z",23.872499465942383,26.137500762939453,23.592500686645508,26.052499771118164,2743118452,"AAPL","monthly","TechnologyHardwareAndEquipment","0.08623528112264923"
"2016-08-01T05:00:00.000Z",26.102500915527344,27.5575008392334,26,26.524999618530273,2520514268,"AAPL","monthly","TechnologyHardwareAndEquipment","0.01797394601949249"
"2016-09-01T05:00:00.000Z",26.53499984741211,29.045000076293945,25.63249969482422,28.262500762939453,3880386952,"AAPL","monthly","TechnologyHardwareAndEquipment","0.06344819448031942"
"2016-10-03T05:00:00.000Z",28.177499771118164,29.672500610351562,28.06999969482422,28.385000228881836,2747656896,"AAPL","monthly","TechnologyHardwareAndEquipment","0.0043249800873184"
"2016-11-01T05:00:00.000Z",28.364999771118164,28.4424991607666,26.020000457763672,27.6299991607666,2886219868,"AAPL","monthly","TechnologyHardwareAndEquipment","-0.026958736124835316"
"2016-12-01T05:00:00.000Z",27.59119987487793,29.504199981689453,27.0625,28.954999923706055,2435086580,"AAPL","monthly","TechnologyHardwareAndEquipment","0.04684078948150612"
"2017-01-03T05:00:00.000Z",28.950000762939453,30.610000610351562,28.690000534057617,30.337499618530273,2253324640,"AAPL","monthly","TechnologyHardwareAndEquipment","0.04664166043568301"
"2017-02-01T05:00:00.000Z",31.75749969482422,34.369998931884766,31.752500534057617,34.247501373291016,2299874188,"AAPL","monthly","TechnologyHardwareAndEquipment","0.12122905096389977"
"2017-03-01T05:00:00.000Z",34.47249984741211,36.125,34.26250076293945,35.915000915527344,2248364856,"AAPL","monthly","TechnologyHardwareAndEquipment","0.04754145157584617"
"2017-04-03T05:00:00.000Z",35.9275016784668,36.3650016784668,35.01499938964844,35.912498474121094,1493216360,"AAPL","monthly","TechnologyHardwareAndEquipment","-0.00006967920165747648"
"2017-05-01T05:00:00.000Z",36.275001525878906,39.162498474121094,36.067501068115234,38.189998626708984,2616091604,"AAPL","monthly","TechnologyHardwareAndEquipment","0.061488283461373645"
"2017-06-01T05:00:00.000Z",38.29249954223633,38.994998931884766,35.54999923706055,36.005001068115234,2736712144,"AAPL","monthly","TechnologyHardwareAndEquipment","-0.05891581791140702"
"2017-07-03T05:00:00.000Z",36.220001220703125,38.497501373291016,35.602500915527344,37.182498931884766,1688047324,"AAPL","monthly","TechnologyHardwareAndEquipment","0.032180344391749494"
"2017-08-01T05:00:00.000Z",37.275001525878906,41.130001068115234,37.102500915527344,41,2644275652,"AAPL","monthly","TechnologyHardwareAndEquipment","0.09773387494598114"
"2017-09-01T05:00:00.000Z",41.20000076293945,41.23500061035156,37.290000915527344,38.529998779296875,2721768368,"AAPL","monthly","TechnologyHardwareAndEquipment","-0.062134939748129545"
"2017-10-02T05:00:00.000Z",38.564998626708984,42.412498474121094,38.1150016784668,42.2599983215332,2017164472,"AAPL","monthly","TechnologyHardwareAndEquipment","0.09240384551410742"
"2017-11-01T05:00:00.000Z",42.467498779296875,44.060001373291016,41.31999969482422,42.962501525878906,2402653484,"AAPL","monthly","TechnologyHardwareAndEquipment","0.016486705222195565"
"2017-12-01T05:00:00.000Z",42.48749923706055,44.29999923706055,41.6150016784668,42.307498931884766,2124736232,"AAPL","monthly","TechnologyHardwareAndEquipment","-0.015363327638852632"
"2018-01-02T05:00:00.000Z",42.540000915527344,45.025001525878906,41.17499923706055,41.85749816894531,2638717760,"AAPL","monthly","TechnologyHardwareAndEquipment","-0.010693401450028879"
"2018-02-01T05:00:00.000Z",41.79119873046875,45.15380096435547,37.560001373291016,44.529998779296875,3711577892,"AAPL","monthly","TechnologyHardwareAndEquipment","0.06189214331696078"
"2018-03-01T05:00:00.000Z",44.6349983215332,45.875,41.23500061035156,41.94499969482422,2854909788,"AAPL","monthly","TechnologyHardwareAndEquipment","-0.059803862897920106"
"2018-04-02T05:00:00.000Z",41.970001220703125,44.734100341796875,40.157501220703125,41.314998626708984,2665440588,"AAPL","monthly","TechnologyHardwareAndEquipment","-0.015133632109019204"
"2018-05-01T05:00:00.000Z",41.60260009765625,47.592498779296875,41.317501068115234,46.717498779296875,2483904824,"AAPL","monthly","TechnologyHardwareAndEquipment","0.12289320377119005"
"2018-06-01T05:00:00.000Z",46.997798919677734,48.54999923706055,45.182498931884766,46.27750015258789,2110497460,"AAPL","monthly","TechnologyHardwareAndEquipment","-0.009462915535870921"
"2018-07-02T05:00:00.000Z",45.95500183105469,48.9900016784668,45.85499954223633,47.5724983215332,1575375524,"AAPL","monthly","TechnologyHardwareAndEquipment","0.02759894276279278"
"2018-08-01T05:00:00.000Z",49.782501220703125,57.217498779296875,49.32749938964844,56.907501220703125,2801275348,"AAPL","monthly","TechnologyHardwareAndEquipment","0.17917233617832784"
"2018-09-04T05:00:00.000Z",57.102500915527344,57.41749954223633,53.82500076293945,56.435001373291016,2715888160,"AAPL","monthly","TechnologyHardwareAndEquipment","-0.008337606348441043"
"2018-10-01T05:00:00.000Z",56.98749923706055,58.36750030517578,51.522499084472656,54.71500015258789,3158992272,"AAPL","monthly","TechnologyHardwareAndEquipment","-0.030951660082437372"
"2018-11-01T05:00:00.000Z",54.76250076293945,55.59000015258789,42.564998626708984,44.64500045776367,3845287788,"AAPL","monthly","TechnologyHardwareAndEquipment","-0.20339556843658863"
"2018-12-03T05:00:00.000Z",46.1150016784668,46.23500061035156,36.647499084472656,39.435001373291016,3595668028,"AAPL","monthly","TechnologyHardwareAndEquipment","-0.12408854754847341"
"2019-01-02T05:00:00.000Z",38.72249984741211,42.25,35.5,41.61000061035156,3312396716,"AAPL","monthly","TechnologyHardwareAndEquipment","0.053686755989115986"
"2019-02-01T05:00:00.000Z",41.7400016784668,43.967498779296875,41.48249816894531,43.287498474121094,1890162892,"AAPL","monthly","TechnologyHardwareAndEquipment","0.039523336815429716"
"2019-03-01T05:00:00.000Z",43.56999969482422,49.42250061035156,42.375,47.48749923706055,2603925536,"AAPL","monthly","TechnologyHardwareAndEquipment","0.09260262796896676"
"2019-04-01T05:00:00.000Z",47.90999984741211,52.119998931884766,47.095001220703125,50.16749954223633,2024471248,"AAPL","monthly","TechnologyHardwareAndEquipment","0.05490089510619739"
"2019-05-01T05:00:00.000Z",52.470001220703125,53.82749938964844,43.747501373291016,43.76750183105469,2957826292,"AAPL","monthly","TechnologyHardwareAndEquipment","-0.13647582289293636"
"2019-06-03T05:00:00.000Z",43.900001525878906,50.39250183105469,42.567501068115234,49.47999954223633,2060875072,"AAPL","monthly","TechnologyHardwareAndEquipment","0.12267696361190451"
"2019-07-01T05:00:00.000Z",50.79249954223633,55.342498779296875,49.602500915527344,53.2599983215332,1895828484,"AAPL","monthly","TechnologyHardwareAndEquipment","0.07361701059840263"
"2019-08-01T05:00:00.000Z",53.474998474121094,54.50749969482422,48.14500045776367,52.185001373291016,2732009500,"AAPL","monthly","TechnologyHardwareAndEquipment","-0.0203904252833669"
"2019-09-03T05:00:00.000Z",51.60749816894531,56.60499954223633,51.05500030517578,55.99250030517578,2189633952,"AAPL","monthly","TechnologyHardwareAndEquipment","0.0704226350569523"
"2019-10-01T05:00:00.000Z",56.26750183105469,62.4375,53.78300094604492,62.189998626708984,2490606800,"AAPL","monthly","TechnologyHardwareAndEquipment","0.10497643438882766"
"2019-11-01T05:00:00.000Z",62.3849983215332,67,62.290000915527344,66.8125,1795689012,"AAPL","monthly","TechnologyHardwareAndEquipment","0.0716959957516501"
"2019-12-02T05:00:00.000Z",66.81749725341797,73.49250030517578,64.07250213623047,73.4124984741211,2395485460,"AAPL","monthly","TechnologyHardwareAndEquipment","0.09420401127837238"
"2020-01-02T05:00:00.000Z",74.05999755859375,81.9625015258789,73.1875,77.37750244140625,2940051432,"AAPL","monthly","TechnologyHardwareAndEquipment","0.05260187214875514"
"2020-02-03T05:00:00.000Z",76.07499694824219,81.80500030517578,64.09249877929688,68.33999633789062,3020892924,"AAPL","monthly","TechnologyHardwareAndEquipment","-0.12420087911186382"
"2020-03-02T05:00:00.000Z",70.56999969482422,76,53.15250015258789,63.5724983215332,6281326928,"AAPL","monthly","TechnologyHardwareAndEquipment","-0.07231423260144633"
"2020-04-01T05:00:00.000Z",61.625,73.63249969482422,59.224998474121094,73.44999694824219,3266123232,"AAPL","monthly","TechnologyHardwareAndEquipment","0.14442390057202517"
"2020-05-01T05:00:00.000Z",71.5625,81.05999755859375,71.4625015258789,79.48500061035156,2806640088,"AAPL","monthly","TechnologyHardwareAndEquipment","0.0789634712205555"
"2020-06-01T05:00:00.000Z",79.4375,93.09500122070312,79.30249786376953,91.19999694824219,3243603560,"AAPL","monthly","TechnologyHardwareAndEquipment","0.13748653132636643"
"2020-07-01T05:00:00.000Z",91.27999877929688,106.41500091552734,89.1449966430664,106.26000213623047,3020454756,"AAPL","monthly","TechnologyHardwareAndEquipment","0.1528340775085749"
"2020-08-03T05:00:00.000Z",108.19999694824219,131,107.89299774169922,129.0399932861328,4070343744,"AAPL","monthly","TechnologyHardwareAndEquipment","0.19423344066099968"
"2020-09-01T05:00:00.000Z",132.75999450683594,137.97999572753906,103.0999984741211,115.80999755859375,3886793083,"AAPL","monthly","TechnologyHardwareAndEquipment","-0.10817148567245212"
"2020-10-01T05:00:00.000Z",117.63999938964844,125.38999938964844,107.72000122070312,108.86000061035156,2895317580,"AAPL","monthly","TechnologyHardwareAndEquipment","-0.06188823750234008"
"2020-11-02T05:00:00.000Z",109.11000061035156,121.98999786376953,107.31999969482422,119.05000305175781,2123372382,"AAPL","monthly","TechnologyHardwareAndEquipment","0.08948093995431353"
"2020-12-01T05:00:00.000Z",121.01000213623047,138.78900146484375,120.01000213623047,132.69000244140625,2323295253,"AAPL","monthly","TechnologyHardwareAndEquipment","0.10847200038054404"
"2021-01-04T05:00:00.000Z",133.52000427246094,145.08999633789062,126.38200378417969,131.9600067138672,2240876988,"AAPL","monthly","TechnologyHardwareAndEquipment","-0.005516701709241267"
"2021-02-01T05:00:00.000Z",133.75,137.8769989013672,118.38999938964844,121.26000213623047,1834022593,"AAPL","monthly","TechnologyHardwareAndEquipment","-0.0845618789779001"
"2021-03-01T05:00:00.000Z",123.75,128.72000122070312,116.20999908447266,122.1500015258789,2650845211,"AAPL","monthly","TechnologyHardwareAndEquipment","0.0073127919350675615"
"2021-04-01T05:00:00.000Z",123.66000366210938,137.07000732421875,122.48999786376953,131.4600067138672,1889956694,"AAPL","monthly","TechnologyHardwareAndEquipment","0.07345286371139358"
"2021-05-03T05:00:00.000Z",132.0399932861328,134.07000732421875,122.25,124.61000061035156,1711935110,"AAPL","monthly","TechnologyHardwareAndEquipment","-0.05351380905411747"
"2021-06-01T05:00:00.000Z",125.08000183105469,137.41000366210938,123.12999725341797,136.9600067138672,1606590029,"AAPL","monthly","TechnologyHardwareAndEquipment","0.09450009656120247"
"2021-07-01T05:00:00.000Z",136.60000610351562,150,135.75999450683594,145.86000061035156,1919127917,"AAPL","monthly","TechnologyHardwareAndEquipment","0.06295830032651645"
"2021-08-02T05:00:00.000Z",146.36000061035156,153.49000549316406,144.5,151.8300018310547,1463302097,"AAPL","monthly","TechnologyHardwareAndEquipment","0.04011422421340708"
"2021-09-01T05:00:00.000Z",152.8300018310547,157.25999450683594,141.27000427246094,141.5,1797948421,"AAPL","monthly","TechnologyHardwareAndEquipment","-0.07046176887070445"
"2021-10-01T05:00:00.000Z",141.89999389648438,153.1649932861328,138.27000427246094,149.8000030517578,1565079040,"AAPL","monthly","TechnologyHardwareAndEquipment","0.05700137437204158"
"2021-11-01T05:00:00.000Z",148.98500061035156,165.6999969482422,147.47999572753906,165.3000030517578,1691028845,"AAPL","monthly","TechnologyHardwareAndEquipment","0.0984609318335791"
"2021-12-01T05:00:00.000Z",167.47999572753906,182.1300048828125,157.8000030517578,177.57000732421875,2445627956,"AAPL","monthly","TechnologyHardwareAndEquipment","0.07160291532876739"
"2022-01-03T05:00:00.000Z",177.8300018310547,182.94000244140625,154.6999969482422,174.77999877929688,2109283280,"AAPL","monthly","TechnologyHardwareAndEquipment","-0.015836905402508795"
"2022-02-01T05:00:00.000Z",174.00999450683594,176.64999389648438,152,165.1199951171875,1629275348,"AAPL","monthly","TechnologyHardwareAndEquipment","-0.056855580493270795"
"2022-03-01T05:00:00.000Z",164.69500732421875,179.61000061035156,150.10000610351562,174.61000061035156,2180882413,"AAPL","monthly","TechnologyHardwareAndEquipment","0.05588246630764853"
"2022-04-01T05:00:00.000Z",174.02999877929688,178.49000549316406,155.3800048828125,157.64999389648438,1687873175,"AAPL","monthly","TechnologyHardwareAndEquipment","-0.10217757175408837"
"2022-05-02T05:00:00.000Z",156.7100067138672,166.47999572753906,132.61000061035156,148.83999633789062,2401040455,"AAPL","monthly","TechnologyHardwareAndEquipment","-0.057505468401375576"
"2022-06-01T05:00:00.000Z",149.89999389648438,151.74000549316406,129.0399932861328,136.72000122070312,1749297959,"AAPL","monthly","TechnologyHardwareAndEquipment","-0.08493683113826023"
"2022-07-01T05:00:00.000Z",136.0399932861328,163.6300048828125,135.66000366210938,162.50999450683594,1447364668,"AAPL","monthly","TechnologyHardwareAndEquipment","0.17280445680008488"
"2022-08-01T05:00:00.000Z",161.00999450683594,176.14999389648438,157.13999938964844,157.22000122070312,1510324936,"AAPL","monthly","TechnologyHardwareAndEquipment","-0.03309339840600049"
"2022-09-01T05:00:00.000Z",156.63999938964844,164.25999450683594,138,138.1999969482422,2084775201,"AAPL","monthly","TechnologyHardwareAndEquipment","-0.12894421687852428"
"2022-10-03T05:00:00.000Z",138.2100067138672,157.5,134.3699951171875,153.33999633789062,1868381344,"AAPL","monthly","TechnologyHardwareAndEquipment","0.1039557649970791"
"2022-11-01T05:00:00.000Z",155.0800018310547,155.4499969482422,134.3800048828125,148.02999877929688,1724948219,"AAPL","monthly","TechnologyHardwareAndEquipment","-0.0352427065693862"
"2022-12-01T05:00:00.000Z",148.2100067138672,150.9199981689453,125.87000274658203,129.92999267578125,1675731304,"AAPL","monthly","TechnologyHardwareAndEquipment","-0.13041916015493243"
"2023-01-03T05:00:00.000Z",130.27999877929688,147.22999572753906,124.16999816894531,144.2899932861328,1443652725,"AAPL","monthly","TechnologyHardwareAndEquipment","0.10482932925464669"
"2023-02-01T05:00:00.000Z",143.97000122070312,157.3800048828125,141.32000732421875,147.41000366210938,1307294493,"AAPL","monthly","TechnologyHardwareAndEquipment","0.021392728123412447"
"2023-03-01T05:00:00.000Z",146.8300018310547,165,143.89999389648438,164.89999389648438,1520461315,"AAPL","monthly","TechnologyHardwareAndEquipment","0.11212134764991126"
"2023-04-03T05:00:00.000Z",164.27000427246094,169.85000610351562,159.77999877929688,169.67999267578125,969776368,"AAPL","monthly","TechnologyHardwareAndEquipment","0.0285750745394186"
"2023-05-01T05:00:00.000Z",169.27999877929688,179.35000610351562,164.30999755859375,177.25,1275364523,"AAPL","monthly","TechnologyHardwareAndEquipment","0.04364689832070209"
"2023-06-01T05:00:00.000Z",177.6999969482422,194.47999572753906,176.93099975585938,193.97000122070312,1297863403,"AAPL","monthly","TechnologyHardwareAndEquipment","0.0901423488112208"
"2023-07-03T05:00:00.000Z",193.77999877929688,198.22999572753906,186.60000610351562,196.4499969482422,996368613,"AAPL","monthly","TechnologyHardwareAndEquipment","0.012704416246484213"
"2023-08-01T05:00:00.000Z",196.23500061035156,196.72999572753906,171.9600067138672,187.8699951171875,1323817340,"AAPL","monthly","TechnologyHardwareAndEquipment","-0.044657722181113524"
"2023-09-01T05:00:00.000Z",189.48500061035156,189.97999572753906,167.6199951171875,171.2100067138672,1337873796,"AAPL","monthly","TechnologyHardwareAndEquipment","-0.09285929585787928"
"2023-10-02T05:00:00.000Z",171.22000122070312,182.33999633789062,165.6699981689453,170.77000427246094,501619737,"AAPL","monthly","TechnologyHardwareAndEquipment","-0.0025732655129991075"
"2023-11-01T05:00:00.000Z",171,192.92999267578125,170.1300048828125,189.9499969482422,1040578051,"AAPL","monthly","TechnologyHardwareAndEquipment","0.1064432166495732"
"2023-12-01T05:00:00.000Z",190.3300018310547,199.6199951171875,187.4600067138672,192.52999877929688,1033285674,"AAPL","monthly","TechnologyHardwareAndEquipment","0.013491115833393985"
"2024-01-02T05:00:00.000Z",187.14999389648438,196.3800048828125,180.1699981689453,184.39999389648438,1160219323,"AAPL","monthly","TechnologyHardwareAndEquipment","-0.04314470137774989"
"2024-02-01T05:00:00.000Z",183.98500061035156,191.0500030517578,179.25,180.75,1161711745,"AAPL","monthly","TechnologyHardwareAndEquipment","-0.01999241698429337"
"2024-03-01T05:00:00.000Z",179.5500030517578,180.52999877929688,168.4949951171875,171.47999572753906,1073832173,"AAPL","monthly","TechnologyHardwareAndEquipment","-0.05264824422431225"
"2024-04-01T05:00:00.000Z",171.19000244140625,178.36000061035156,164.0749969482422,170.3300018310547,1246221542,"AAPL","monthly","TechnologyHardwareAndEquipment","-0.00672887419203374"
"2024-05-01T05:00:00.000Z",169.5800018310547,193,169.11000061035156,192.25,1336570142,"AAPL","monthly","TechnologyHardwareAndEquipment","0.12105886576322546"
"2024-06-03T05:00:00.000Z",192.89999389648438,220.1999969482422,192.14999389648438,210.6199951171875,1670219971,"AAPL","monthly","TechnologyHardwareAndEquipment","0.0912589303836546"
"2024-07-01T05:00:00.000Z",212.08999633789062,237.22999572753906,211.9199981689453,222.0800018310547,1153193377,"AAPL","monthly","TechnologyHardwareAndEquipment","0.05298214679405474"
"2024-08-01T05:00:00.000Z",224.3699951171875,232.9199981689453,196,229,1122666993,"AAPL","monthly","TechnologyHardwareAndEquipment","0.030684317990777192"
"2024-09-03T05:00:00.000Z",228.5500030517578,233.08999633789062,213.9199981689453,233,1232391861,"AAPL","monthly","TechnologyHardwareAndEquipment","0.017316450011460958"
"2024-10-01T05:00:00.000Z",229.52000427246094,237.49000549316406,221.3300018310547,225.91000366210938,930835961,"AAPL","monthly","TechnologyHardwareAndEquipment","-0.03090174748609052"
"2024-11-01T05:00:00.000Z",220.96499633789062,237.80999755859375,219.7100067138672,237.3300018310547,891640714,"AAPL","monthly","TechnologyHardwareAndEquipment","0.04931487933703113"
"2024-12-02T05:00:00.000Z",237.27000427246094,260.1000061035156,237.16000366210938,250.4199981689453,977942014,"AAPL","monthly","TechnologyHardwareAndEquipment","0.05368791551222587"
"2025-01-02T05:00:00.000Z",248.92999267578125,249.10000610351562,219.3800048828125,235.8699951171875,1200291603,"AAPL","monthly","TechnologyHardwareAndEquipment","-0.05985871583436986"
"2025-02-03T05:00:00.000Z",229.99000549316406,250,225.6999969482422,241.83999633789062,862258868,"AAPL","monthly","TechnologyHardwareAndEquipment","0.024995550234010386"
"2025-03-03T05:00:00.000Z",241.7899932861328,244.02699279785156,208.4199981689453,222.1300048828125,1115306137,"AAPL","monthly","TechnologyHardwareAndEquipment","-0.0850135172771978"
"2025-04-01T05:00:00.000Z",219.80499267578125,225.19000244140625,169.2100067138672,212.5,1607318483,"AAPL","monthly","TechnologyHardwareAndEquipment","-0.04432082968683795"
"2025-05-01T05:00:00.000Z",209.0800018310547,214.55999755859375,193.25,200.85000610351562,1195889556,"AAPL","monthly","TechnologyHardwareAndEquipment","-0.056383597170753516"
"2025-06-02T05:00:00.000Z",200.27999877929688,207.38999938964844,195.07000732421875,205.1699981689453,1100504397,"AAPL","monthly","TechnologyHardwareAndEquipment","0.021280503659822994"
"2025-07-01T05:00:00.000Z",206.6649932861328,216.22999572753906,206.13999938964844,207.57000732421875,1079935847,"AAPL","monthly","TechnologyHardwareAndEquipment","0.011629772610823852"
"2025-08-01T05:00:00.000Z",210.86500549316406,235.1199951171875,201.5,232.13999938964844,1218125232,"AAPL","monthly","TechnologyHardwareAndEquipment","0.11187196784687266"
"2025-09-02T05:00:00.000Z",229.25,257.6000061035156,225.9499969482422,254.6300048828125,1265654921,"AAPL","monthly","TechnologyHardwareAndEquipment","0.09247089493971052"
"2025-10-01T05:00:00.000Z",255.0399932861328,277.32000732421875,244,270.3699951171875,1097142365,"AAPL","monthly","TechnologyHardwareAndEquipment","0.059979842957511124"
"2025-11-03T05:00:00.000Z",270.4200134277344,280.3800048828125,265.32000732421875,278.8500061035156,877578237,"AAPL","monthly","TechnologyHardwareAndEquipment","0.030882651515271278"
"2025-12-01T05:00:00.000Z",278.010009765625,288.6199951171875,266.95001220703125,271.8599853515625,924529010,"AAPL","monthly","TechnologyHardwareAndEquipment","-0.025386850698913166"
"2026-01-02T05:00:00.000Z",272.2550048828125,277.8399963378906,243.4199981689453,259.4800109863281,1040017271,"AAPL","monthly","TechnologyHardwareAndEquipment","-0.04660750334017572"
"2026-02-02T05:00:00.000Z",260.0299987792969,280.9049987792969,255.4499969482422,264.17999267578125,988921083,"AAPL","monthly","TechnologyHardwareAndEquipment","0.01795099058672572"
