"Date","Open","High","Low","Close","Volume","Ticker","Period","Sector","logReturn"
"1980-12-12T05:00:00.000Z",0.12835000455379486,0.18862000107765198,0.05357009917497635,0.12165000289678574,2378925248,"AAPL","weekly","TechnologyHardwareAndEquipment","0"
"1980-12-15T05:00:00.000Z",0.12165000289678574,0.2059199959039688,0.0491098016500473,0.12779000401496887,2722406624,"AAPL","weekly","TechnologyHardwareAndEquipment","0.04924022999711055"
"1980-12-22T05:00:00.000Z",0.13225999474525452,0.23548999428749084,0.051899999380111694,0.11663000285625458,3182234944,"AAPL","weekly","TechnologyHardwareAndEquipment","-0.0913817678462646"
"1980-12-29T05:00:00.000Z",0.16071000695228577,0.16128000617027283,0.15234999358654022,0.15234999358654022,197792000,"AAPL","weekly","TechnologyHardwareAndEquipment","0.26717390814199926"
"1981-01-02T05:00:00.000Z",0.15401999652385712,0.15512999892234802,0.15401999652385712,0.15401999652385712,21660800,"AAPL","weekly","TechnologyHardwareAndEquipment","0.010901978206842048"
"1981-01-05T05:00:00.000Z",0.15067000687122345,0.15123000741004944,0.13504000008106232,0.14229999482631683,197904000,"AAPL","weekly","TechnologyHardwareAndEquipment","-0.07914497280344922"
"1981-01-12T05:00:00.000Z",0.14119000732898712,0.14229999482631683,0.1361600011587143,0.13839000463485718,88502400,"AAPL","weekly","TechnologyHardwareAndEquipment","-0.027861649009118694"
"1981-01-19T05:00:00.000Z",0.14677000045776367,0.14788000285625458,0.14229999482631683,0.14620999991893768,134332800,"AAPL","weekly","TechnologyHardwareAndEquipment","0.054968124145812036"
"1981-01-26T05:00:00.000Z",0.14396999776363373,0.1445399969816208,0.12612000107765198,0.12612000107765198,166588800,"AAPL","weekly","TechnologyHardwareAndEquipment","-0.14781010065340702"
"1981-02-02T05:00:00.000Z",0.11886999756097794,0.12891000509262085,0.11886999756097794,0.12835000455379486,92579200,"AAPL","weekly","TechnologyHardwareAndEquipment","0.017527099575141075"
"1981-02-09T05:00:00.000Z",0.12165000289678574,0.12276999652385712,0.1138399988412857,0.1138399988412857,74659200,"AAPL","weekly","TechnologyHardwareAndEquipment","-0.11996699919350601"
"1981-02-17T05:00:00.000Z",0.11663000285625458,0.12276999652385712,0.10825999826192856,0.10825999826192856,78198400,"AAPL","weekly","TechnologyHardwareAndEquipment","-0.05025821828892336"
"1981-02-23T05:00:00.000Z",0.10993999987840652,0.11941999942064285,0.10603000223636627,0.11829999834299088,76182400,"AAPL","weekly","TechnologyHardwareAndEquipment","0.08868803166327383"
"1981-03-02T05:00:00.000Z",0.11886999756097794,0.11941999942064285,0.1143999993801117,0.1143999993801117,58620800,"AAPL","weekly","TechnologyHardwareAndEquipment","-0.0335226834504079"
"1981-03-09T05:00:00.000Z",0.10547000169754028,0.10603000223636627,0.09654019773006439,0.09932990372180939,364112224,"AAPL","weekly","TechnologyHardwareAndEquipment","-0.14125440257635427"
"1981-03-16T05:00:00.000Z",0.1032399982213974,0.11607000231742859,0.1032399982213974,0.11495999991893768,170329600,"AAPL","weekly","TechnologyHardwareAndEquipment","0.1461375701148954"
"1981-03-23T05:00:00.000Z",0.11941999942064285,0.12054000049829483,0.08482009917497635,0.08872990310192108,381584000,"AAPL","weekly","TechnologyHardwareAndEquipment","-0.25898728227442125"
"1981-03-30T05:00:00.000Z",0.11049000173807144,0.11886999756097794,0.07980000227689743,0.08929020166397095,315280000,"AAPL","weekly","TechnologyHardwareAndEquipment","0.0062947992634267026"
"1981-04-06T05:00:00.000Z",0.11607000231742859,0.125,0.08872990310192108,0.09262990206480026,268329600,"AAPL","weekly","TechnologyHardwareAndEquipment","0.03672024793771863"
"1981-04-13T05:00:00.000Z",0.12444999814033508,0.125,0.08649999648332596,0.09095980226993561,270681600,"AAPL","weekly","TechnologyHardwareAndEquipment","-0.018194330365813263"
"1981-04-20T05:00:00.000Z",0.11495999991893768,0.13113999366760254,0.08817009627819061,0.08817009627819061,362566400,"AAPL","weekly","TechnologyHardwareAndEquipment","-0.031149814567327554"
"1981-04-27T05:00:00.000Z",0.12835000455379486,0.12891000509262085,0.08259020000696182,0.08370979875326157,286092800,"AAPL","weekly","TechnologyHardwareAndEquipment","-0.051911820484496975"
"1981-05-04T05:00:00.000Z",0.12612000107765198,0.12668000161647797,0.0820401981472969,0.08370979875326157,170083200,"AAPL","weekly","TechnologyHardwareAndEquipment","-1.1102230246251565*^-16"
"1981-05-11T05:00:00.000Z",0.12221000343561172,0.12444999814033508,0.08147010207176208,0.08147010207176208,178281600,"AAPL","weekly","TechnologyHardwareAndEquipment","-0.02711993337751513"
"1981-05-18T05:00:00.000Z",0.125,0.14119000732898712,0.07422009855508804,0.07422009855508804,283964800,"AAPL","weekly","TechnologyHardwareAndEquipment","-0.09320112368786611"
"1981-05-26T05:00:00.000Z",0.13951000571250916,0.14844000339508057,0.06807990372180939,0.06807990372180939,611923200,"AAPL","weekly","TechnologyHardwareAndEquipment","-0.08635291343720967"
"1981-06-01T05:00:00.000Z",0.14788000285625458,0.14844000339508057,0.06305979937314987,0.07422009855508804,516028800,"AAPL","weekly","TechnologyHardwareAndEquipment","0.0863529134372096"
"1981-06-08T05:00:00.000Z",0.1361600011587143,0.1473200023174286,0.07254020124673843,0.07254020124673843,614745600,"AAPL","weekly","TechnologyHardwareAndEquipment","-0.022894075371990275"
"1981-06-15T05:00:00.000Z",0.1445399969816208,0.1450899988412857,0.07422009855508804,0.12276999652385712,1346732800,"AAPL","weekly","TechnologyHardwareAndEquipment","0.5261717497411296"
"1981-06-22T05:00:00.000Z",0.13003000617027283,0.1473200023174286,0.0775701031088829,0.1473200023174286,1028899424,"AAPL","weekly","TechnologyHardwareAndEquipment","0.18229444942896283"
"1981-06-29T05:00:00.000Z",0.125560000538826,0.17410999536514282,0.07142990082502365,0.16685999929904938,2493524320,"AAPL","weekly","TechnologyHardwareAndEquipment","0.12454802596565628"
"1981-07-06T05:00:00.000Z",0.11105000227689743,0.1875,0.06864020228385925,0.18303999304771423,1620526208,"AAPL","weekly","TechnologyHardwareAndEquipment","0.09254953693600419"
"1981-07-13T05:00:00.000Z",0.10155999660491943,0.20257000625133514,0.06529019773006439,0.1964299976825714,1831491872,"AAPL","weekly","TechnologyHardwareAndEquipment","0.07060145173935051"
"1981-07-20T05:00:00.000Z",0.10770999640226364,0.21094000339508057,0.06807990372180939,0.2075899988412857,1444486624,"AAPL","weekly","TechnologyHardwareAndEquipment","0.055258853044506444"
"1981-07-27T05:00:00.000Z",0.11161000281572342,0.2081499993801117,0.06529019773006439,0.20257000625133514,1041353600,"AAPL","weekly","TechnologyHardwareAndEquipment","-0.02447943830712113"
"1981-08-03T05:00:00.000Z",0.11049000173807144,0.2170799970626831,0.0625,0.20870999991893768,956323200,"AAPL","weekly","TechnologyHardwareAndEquipment","0.029860191529425057"
"1981-08-11T05:00:00.000Z",0.10937000066041946,0.21094000339508057,0.0625,0.19922000169754028,988534400,"AAPL","weekly","TechnologyHardwareAndEquipment","-0.046535977977310135"
"1981-08-17T05:00:00.000Z",0.09877990186214447,0.19978000223636627,0.05860000103712082,0.18918000161647797,1046572800,"AAPL","weekly","TechnologyHardwareAndEquipment","-0.051710798908272536"
"1981-08-24T05:00:00.000Z",0.08427009731531143,0.19419999420642853,0.05692010000348091,0.19196000695228577,840963200,"AAPL","weekly","TechnologyHardwareAndEquipment","0.01458810187773103"
"1981-08-31T05:00:00.000Z",0.08985000103712082,0.20146000385284424,0.05747989937663078,0.19253000617027283,812358400,"AAPL","weekly","TechnologyHardwareAndEquipment","0.002964964582203206"
"1981-09-08T05:00:00.000Z",0.08817009627819061,0.1986600011587143,0.05747989937663078,0.13003000617027283,1754032448,"AAPL","weekly","TechnologyHardwareAndEquipment","-0.39248677727370057"
"1981-10-05T05:00:00.000Z",0.0758901983499527,0.22935999929904938,0.05970979854464531,0.10937000066041946,2219594272,"AAPL","weekly","TechnologyHardwareAndEquipment","-0.1730286051303826"
"1981-10-12T05:00:00.000Z",0.08594019711017609,0.24887999892234802,0.05747989937663078,0.10881999880075455,1894704224,"AAPL","weekly","TechnologyHardwareAndEquipment","-0.005041505348202804"
"1981-10-19T05:00:00.000Z",0.0831499993801117,0.24720999598503113,0.054690200835466385,0.11161000281572342,1707350400,"AAPL","weekly","TechnologyHardwareAndEquipment","0.02531554685853067"
"1981-10-26T05:00:00.000Z",0.08482009917497635,0.25446000695228577,0.05525000020861626,0.12110000103712082,1708560000,"AAPL","weekly","TechnologyHardwareAndEquipment","0.08160598222735581"
"1981-11-02T05:00:00.000Z",0.08929020166397095,0.2723200023174286,0.05970979854464531,0.12165000289678574,1745273600,"AAPL","weekly","TechnologyHardwareAndEquipment","0.004531433918776061"
"1981-11-09T05:00:00.000Z",0.08147010207176208,0.27511999011039734,0.06864020228385925,0.11774999648332596,1769869024,"AAPL","weekly","TechnologyHardwareAndEquipment","-0.03258439001106136"
"1981-11-16T05:00:00.000Z",0.07980000227689743,0.282370001077652,0.07645980268716812,0.11886999756097794,1544793600,"AAPL","weekly","TechnologyHardwareAndEquipment","0.009466735443204245"
"1981-11-23T05:00:00.000Z",0.08092010021209717,0.26506999135017395,0.0775701031088829,0.1138399988412857,1473472000,"AAPL","weekly","TechnologyHardwareAndEquipment","-0.04323649487098313"
"1981-11-30T05:00:00.000Z",0.0831499993801117,0.2522299885749817,0.07924020290374756,0.09820979833602905,2187472000,"AAPL","weekly","TechnologyHardwareAndEquipment","-0.14768795383106503"
"1981-12-07T05:00:00.000Z",0.08537989854812622,0.23771999776363373,0.07980000227689743,0.13280999660491943,3140010272,"AAPL","weekly","TechnologyHardwareAndEquipment","0.30181352007663237"
"1981-12-14T05:00:00.000Z",0.08092010021209717,0.22043000161647797,0.08092010021209717,0.12779000401496887,2658184256,"AAPL","weekly","TechnologyHardwareAndEquipment","-0.03853118680961665"
"1981-12-21T05:00:00.000Z",0.09765979647636414,0.21539999544620514,0.0803598016500473,0.13225999474525452,3710780864,"AAPL","weekly","TechnologyHardwareAndEquipment","0.0343813194769928"
"1981-12-28T05:00:00.000Z",0.09319999814033508,0.2070399969816208,0.09319999814033508,0.12779000401496887,5237077888,"AAPL","weekly","TechnologyHardwareAndEquipment","-0.03438131947699277"
"1982-10-18T05:00:00.000Z",0.1049100011587143,0.19530999660491943,0.10267999768257141,0.13336999714374542,4569871264,"AAPL","weekly","TechnologyHardwareAndEquipment","0.042738876179181366"
"1982-10-25T05:00:00.000Z",0.10881999880075455,0.16238999366760254,0.10379000008106232,0.125,4718495040,"AAPL","weekly","TechnologyHardwareAndEquipment","-0.06481346191598188"
"1982-11-01T05:00:00.000Z",0.11941999942064285,0.15569999814033508,0.11217000335454941,0.1233299970626831,3466580544,"AAPL","weekly","TechnologyHardwareAndEquipment","-0.013450071541131297"
"1982-11-08T05:00:00.000Z",0.12891000509262085,0.15512999892234802,0.10713999718427658,0.11105000227689743,3710717920,"AAPL","weekly","TechnologyHardwareAndEquipment","-0.10488309491737986"
"1982-11-15T05:00:00.000Z",0.14452999830245972,0.15234999358654022,0.09262990206480026,0.09597989916801453,3844983968,"AAPL","weekly","TechnologyHardwareAndEquipment","-0.1458417849662893"
"1982-11-22T05:00:00.000Z",0.1378300040960312,0.17186999320983887,0.09207990020513535,0.10101000219583511,3314708320,"AAPL","weekly","TechnologyHardwareAndEquipment","0.051080757702381394"
"1982-11-29T05:00:00.000Z",0.12946000695228577,0.17745999991893768,0.09430979937314987,0.09932990372180939,3166442272,"AAPL","weekly","TechnologyHardwareAndEquipment","-0.01677287262914275"
"1982-12-06T05:00:00.000Z",0.14229999482631683,0.18526999652385712,0.09597989916801453,0.18080000579357147,3539982208,"AAPL","weekly","TechnologyHardwareAndEquipment","0.5989448090514266"
"1982-12-13T05:00:00.000Z",0.12946000695228577,0.14955000579357147,0.09152010083198547,0.10155999660491943,7792740928,"AAPL","weekly","TechnologyHardwareAndEquipment","-0.5767417565949968"
"1982-12-20T05:00:00.000Z",0.1339299976825714,0.14285999536514282,0.08594019711017609,0.10713999718427658,5525903712,"AAPL","weekly","TechnologyHardwareAndEquipment","0.05348664076485916"
"1982-12-27T05:00:00.000Z",0.14173999428749084,0.15067000687122345,0.08985000103712082,0.10101000219583511,3483581248,"AAPL","weekly","TechnologyHardwareAndEquipment","-0.058916820592145834"
"1983-10-10T05:00:00.000Z",0.08872990310192108,0.11774999648332596,0.0820401981472969,0.1032399982213974,4538421664,"AAPL","weekly","TechnologyHardwareAndEquipment","0.02183681404268723"
"1983-10-17T05:00:00.000Z",0.10155999660491943,0.1233299970626831,0.08427009731531143,0.10713999718427658,3642353120,"AAPL","weekly","TechnologyHardwareAndEquipment","0.03708000654945875"
"1983-10-24T05:00:00.000Z",0.08259020000696182,0.12276999652385712,0.07980000227689743,0.10603000223636627,3484477920,"AAPL","weekly","TechnologyHardwareAndEquipment","-0.010414270142495595"
"1983-10-31T05:00:00.000Z",0.09430979937314987,0.13784000277519226,0.08649999648332596,0.11271999776363373,4438044576,"AAPL","weekly","TechnologyHardwareAndEquipment","0.061184753720879184"
"1983-11-07T05:00:00.000Z",0.09430979937314987,0.13504000008106232,0.07700979709625244,0.11161000281572342,5127138688,"AAPL","weekly","TechnologyHardwareAndEquipment","-0.00989617085455234"
"1983-11-14T05:00:00.000Z",0.09040000289678574,0.13057999312877655,0.07310979813337326,0.11049000173807144,3206628320,"AAPL","weekly","TechnologyHardwareAndEquipment","-0.010085642040198878"
"1983-11-21T05:00:00.000Z",0.09207990020513535,0.12668000161647797,0.07030980288982391,0.11663000285625458,3547444992,"AAPL","weekly","TechnologyHardwareAndEquipment","0.054081520337176614"
"1983-11-28T05:00:00.000Z",0.09152010083198547,0.13225999474525452,0.06362009793519974,0.1233299970626831,4364396288,"AAPL","weekly","TechnologyHardwareAndEquipment","0.055857110568332716"
"1983-12-05T05:00:00.000Z",0.08817009627819061,0.18359999358654022,0.06472989916801453,0.18248000741004944,3378929120,"AAPL","weekly","TechnologyHardwareAndEquipment","0.39177695282242275"
"1983-12-12T05:00:00.000Z",0.09597989916801453,0.20423999428749084,0.07087010145187378,0.20257000625133514,5094747392,"AAPL","weekly","TechnologyHardwareAndEquipment","0.10444491810224514"
"1983-12-19T05:00:00.000Z",0.11049000173807144,0.22935999929904938,0.07700979709625244,0.21762999892234802,4224372768,"AAPL","weekly","TechnologyHardwareAndEquipment","0.07171083148837586"
"1983-12-27T05:00:00.000Z",0.11049000173807144,0.24887999892234802,0.07645980268716812,0.22432999312877655,5071945088,"AAPL","weekly","TechnologyHardwareAndEquipment","0.03032178322101967"
"1984-10-08T05:00:00.000Z",0.11105000227689743,0.25558000802993774,0.0758901983499527,0.24776999652385712,5319398336,"AAPL","weekly","TechnologyHardwareAndEquipment","0.09938273106578514"
"1984-10-15T05:00:00.000Z",0.10713999718427658,0.2505599856376648,0.07087010145187378,0.23660999536514282,4113179392,"AAPL","weekly","TechnologyHardwareAndEquipment","-0.04608768597160329"
"1984-10-22T05:00:00.000Z",0.11328999698162079,0.2790200114250183,0.06920000165700912,0.2773500084877014,4050459168,"AAPL","weekly","TechnologyHardwareAndEquipment","0.15886708061468116"
"1984-10-29T05:00:00.000Z",0.11049000173807144,0.300790011882782,0.06472989916801453,0.27344000339508057,4061951040,"AAPL","weekly","TechnologyHardwareAndEquipment","-0.014198045320634704"
"1984-11-05T05:00:00.000Z",0.11049000173807144,0.31863999366760254,0.06362009793519974,0.3125,4753394912,"AAPL","weekly","TechnologyHardwareAndEquipment","0.13352223739299443"
"1984-11-12T05:00:00.000Z",0.10770999640226364,0.3147299885749817,0.06529019773006439,0.3002200126647949,3299073120,"AAPL","weekly","TechnologyHardwareAndEquipment","-0.040088887759379604"
"1984-11-19T05:00:00.000Z",0.10379000008106232,0.3035700023174286,0.06584999710321426,0.2834799885749817,3401262368,"AAPL","weekly","TechnologyHardwareAndEquipment","-0.05737404777775362"
"1984-11-26T05:00:00.000Z",0.10657999664545059,0.311379998922348,0.06584999710321426,0.30469000339508057,3437057568,"AAPL","weekly","TechnologyHardwareAndEquipment","0.0721533437901236"
"1984-12-03T05:00:00.000Z",0.11049000173807144,0.4129500091075897,0.06640979647636414,0.3571400046348572,5826344048,"AAPL","weekly","TechnologyHardwareAndEquipment","0.15883299731723594"
"1984-12-10T05:00:00.000Z",0.12165000289678574,0.40178999304771423,0.06529019773006439,0.38280999660491943,5298868400,"AAPL","weekly","TechnologyHardwareAndEquipment","0.06941089892405476"
"1984-12-17T05:00:00.000Z",0.11774999648332596,0.3861599862575531,0.069759801030159,0.3504500091075897,5163550336,"AAPL","weekly","TechnologyHardwareAndEquipment","-0.08832070473613247"
"1984-12-24T05:00:00.000Z",0.12110000103712082,0.3727700114250183,0.06695979833602905,0.37053999304771423,4272051840,"AAPL","weekly","TechnologyHardwareAndEquipment","0.05574331342468334"
"1985-10-07T05:00:00.000Z",0.06752009689807892,0.37946000695228577,0.06472989916801453,0.344870001077652,4782705536,"AAPL","weekly","TechnologyHardwareAndEquipment","-0.07179384480865279"
"1985-10-14T05:00:00.000Z",0.07087010145187378,0.37053999304771423,0.07030980288982391,0.3660700023174286,4553329312,"AAPL","weekly","TechnologyHardwareAndEquipment","0.05965704072463734"
"1985-10-21T05:00:00.000Z",0.0786798968911171,0.3817000091075897,0.07700979709625244,0.3727700114250183,4014192000,"AAPL","weekly","TechnologyHardwareAndEquipment","0.018137059844079973"
"1985-10-28T05:00:00.000Z",0.07980000227689743,0.39061999320983887,0.07924020290374756,0.3727700114250183,3277860320,"AAPL","weekly","TechnologyHardwareAndEquipment","-1.1102230246251565*^-16"
"1985-11-04T05:00:00.000Z",0.08370979875326157,0.4196400046348572,0.0820401981472969,0.4185299873352051,4408502000,"AAPL","weekly","TechnologyHardwareAndEquipment","0.11578690356858894"
"1985-11-11T05:00:00.000Z",0.09207990020513535,0.4263400137424469,0.08594019711017609,0.4084799885749817,2840925360,"AAPL","weekly","TechnologyHardwareAndEquipment","-0.024305616164358765"
"1985-11-18T05:00:00.000Z",0.08817009627819061,0.4151799976825714,0.08370979875326157,0.3995499908924103,2855463072,"AAPL","weekly","TechnologyHardwareAndEquipment","-0.022104034497729606"
"1985-11-25T05:00:00.000Z",0.08482009917497635,0.39844000339508057,0.08482009917497635,0.35826000571250916,2913087408,"AAPL","weekly","TechnologyHardwareAndEquipment","-0.1090798952937481"
"1985-12-02T05:00:00.000Z",0.08984020352363586,0.3883900046348572,0.08762010186910629,0.38058000802993774,4280272752,"AAPL","weekly","TechnologyHardwareAndEquipment","0.060437430240966546"
"1985-12-09T05:00:00.000Z",0.08872990310192108,0.3883900046348572,0.08594019711017609,0.3861599862575531,3959638816,"AAPL","weekly","TechnologyHardwareAndEquipment","0.014555329791722348"
"1985-12-16T05:00:00.000Z",0.08929020166397095,0.3928599953651428,0.08929020166397095,0.3660700023174286,5602534896,"AAPL","weekly","TechnologyHardwareAndEquipment","-0.05342717748952127"
"1985-12-23T05:00:00.000Z",0.09989020228385925,0.376120001077652,0.09654019773006439,0.33594000339508057,5868511264,"AAPL","weekly","TechnologyHardwareAndEquipment","-0.08589199558020463"
"1986-10-06T05:00:00.000Z",0.15067000687122345,0.3995499908924103,0.14396999776363373,0.3504500091075897,4273262224,"AAPL","weekly","TechnologyHardwareAndEquipment","0.04228548623953685"
"1986-10-13T05:00:00.000Z",0.14788000285625458,0.3883900046348572,0.14620999991893768,0.3325900137424469,2838204544,"AAPL","weekly","TechnologyHardwareAndEquipment","-0.05230752745381103"
"1986-10-20T05:00:00.000Z",0.14955000579357147,0.3839299976825714,0.14396999776363373,0.32811999320983887,3294795280,"AAPL","weekly","TechnologyHardwareAndEquipment","-0.013531167040384623"
"1986-10-27T05:00:00.000Z",0.14955000579357147,0.42186999320983887,0.1473200023174286,0.3214299976825714,2968662480,"AAPL","weekly","TechnologyHardwareAndEquipment","-0.020599591072434597"
"1986-11-03T05:00:00.000Z",0.15512999892234802,0.4486599862575531,0.15123000741004944,0.3102700114250183,4173234688,"AAPL","weekly","TechnologyHardwareAndEquipment","-0.03533686039633485"
"1986-11-10T05:00:00.000Z",0.16016000509262085,0.4799099862575531,0.15569999814033508,0.3125,2872768080,"AAPL","weekly","TechnologyHardwareAndEquipment","0.007161546204816256"
"1986-11-17T05:00:00.000Z",0.15737000107765198,0.4776799976825714,0.15401999652385712,0.311379998922348,3872391376,"AAPL","weekly","TechnologyHardwareAndEquipment","-0.0035904413758178657"
"1986-11-24T05:00:00.000Z",0.16964000463485718,0.4932999908924103,0.16071000695228577,0.30691999197006226,3438352848,"AAPL","weekly","TechnologyHardwareAndEquipment","-0.014426926654140833"
"1986-12-01T05:00:00.000Z",0.1785700023174286,0.49553999304771423,0.1746699959039688,0.3839299976825714,4126485776,"AAPL","weekly","TechnologyHardwareAndEquipment","0.2238731371213468"
"1986-12-08T05:00:00.000Z",0.19085000455379486,0.4932999908924103,0.18359999358654022,0.30803999304771423,4059487264,"AAPL","weekly","TechnologyHardwareAndEquipment","-0.22023061616622036"
"1986-12-15T05:00:00.000Z",0.18303999304771423,0.5178599953651428,0.18025000393390656,0.3057999908924103,4279947840,"AAPL","weekly","TechnologyHardwareAndEquipment","-0.0072983583894934"
"1986-12-22T05:00:00.000Z",0.1875,0.5245500206947327,0.18303999304771423,0.2924099862575531,3914380064,"AAPL","weekly","TechnologyHardwareAndEquipment","-0.044774383692088415"
"1987-10-05T05:00:00.000Z",0.5223199725151062,0.5334799885749817,0.28683000802993774,0.3057999908924103,2753309216,"AAPL","weekly","TechnologyHardwareAndEquipment","0.04477438369208838"
"1987-10-12T05:00:00.000Z",0.4754500091075897,0.4888400137424469,0.2879500091075897,0.3057999908924103,3974546576,"AAPL","weekly","TechnologyHardwareAndEquipment","0."
"1987-10-19T05:00:00.000Z",0.3258900046348572,0.4307999908924103,0.2912899851799011,0.3013400137424469,4657848272,"AAPL","weekly","TechnologyHardwareAndEquipment","-0.014692022734532685"
"1987-10-26T05:00:00.000Z",0.2633900046348572,0.4129500091075897,0.24664999544620514,0.29686999320983887,4455452848,"AAPL","weekly","TechnologyHardwareAndEquipment","-0.014944931308292279"
"1987-11-02T05:00:00.000Z",0.3459799885749817,0.4375,0.2946400046348572,0.3013400137424469,3431984752,"AAPL","weekly","TechnologyHardwareAndEquipment","0.014944931308292345"
"1987-11-09T05:00:00.000Z",0.3325900137424469,0.44196000695228577,0.2991099953651428,0.32923999428749084,3187544640,"AAPL","weekly","TechnologyHardwareAndEquipment","0.08854770977625254"
"1987-11-16T05:00:00.000Z",0.3370499908924103,0.4375,0.29686999320983887,0.35936999320983887,3825710000,"AAPL","weekly","TechnologyHardwareAndEquipment","0.08756552876287442"
"1987-11-23T05:00:00.000Z",0.31696000695228577,0.4486599862575531,0.3102700114250183,0.3772299885749817,3924818912,"AAPL","weekly","TechnologyHardwareAndEquipment","0.04850257119738235"
"1987-11-30T05:00:00.000Z",0.2946400046348572,0.5178599953651428,0.26561999320983887,0.503350019454956,4213118224,"AAPL","weekly","TechnologyHardwareAndEquipment","0.28843074111227524"
"1987-12-07T05:00:00.000Z",0.29686999320983887,0.42186999320983887,0.27678999304771423,0.4196400046348572,4927398560,"AAPL","weekly","TechnologyHardwareAndEquipment","-0.18188857991825633"
"1987-12-14T05:00:00.000Z",0.32811999320983887,0.4709799885749817,0.3057999908924103,0.4486599862575531,5573818320,"AAPL","weekly","TechnologyHardwareAndEquipment","0.06686812004705277"
"1987-12-21T05:00:00.000Z",0.36719000339508057,0.4787899851799011,0.342629998922348,0.4776799976825714,5316845744,"AAPL","weekly","TechnologyHardwareAndEquipment","0.06267571543213345"
"1987-12-28T05:00:00.000Z",0.3616099953651428,0.5167400240898132,0.3348200023174286,0.4977700114250183,5175602656,"AAPL","weekly","TechnologyHardwareAndEquipment","0.0411970985158317"
"1988-10-17T05:00:00.000Z",0.34375,0.5379499793052673,0.3370499908924103,0.5357099771499634,4114199936,"AAPL","weekly","TechnologyHardwareAndEquipment","0.07345478132025524"
"1988-10-24T05:00:00.000Z",0.3682999908924103,0.5491099953651428,0.3415200114250183,0.5145099759101868,3632935264,"AAPL","weekly","TechnologyHardwareAndEquipment","-0.0403779826130967"
"1988-10-31T05:00:00.000Z",0.3459799885749817,0.5558000206947327,0.32811999320983887,0.5334799885749817,3681577200,"AAPL","weekly","TechnologyHardwareAndEquipment","0.03620661572787128"
"1988-11-07T05:00:00.000Z",0.3325900137424469,0.5401800274848938,0.3303599953651428,0.5156199932098389,3739436176,"AAPL","weekly","TechnologyHardwareAndEquipment","-0.03405151343486622"
"1988-11-14T05:00:00.000Z",0.3459799885749817,0.6093699932098389,0.3370499908924103,0.5803599953651428,3676436064,"AAPL","weekly","TechnologyHardwareAndEquipment","0.11827854575800076"
"1988-11-21T05:00:00.000Z",0.3348200023174286,0.6026800274848938,0.31696000695228577,0.5915200114250183,3337882128,"AAPL","weekly","TechnologyHardwareAndEquipment","0.01904692184169126"
"1988-11-28T05:00:00.000Z",0.3258900046348572,0.6272299885749817,0.3214299976825714,0.5647299885749817,3696237888,"AAPL","weekly","TechnologyHardwareAndEquipment","-0.04634779391286909"
"1988-12-05T05:00:00.000Z",0.3526799976825714,0.6272299885749817,0.342629998922348,0.5267900228500366,3127142592,"AAPL","weekly","TechnologyHardwareAndEquipment","-0.06954569006125513"
"1988-12-12T05:00:00.000Z",0.3504500091075897,0.6495500206947327,0.3415200114250183,0.5558000206947327,4054962912,"AAPL","weekly","TechnologyHardwareAndEquipment","0.053606524013662914"
"1988-12-19T05:00:00.000Z",0.35936999320983887,0.6540200114250183,0.3571400046348572,0.5781199932098389,4882688160,"AAPL","weekly","TechnologyHardwareAndEquipment","0.039372893292857494"
"1988-12-27T05:00:00.000Z",0.3660700023174286,0.5870500206947327,0.3549099862575531,0.5770099759101868,6799917600,"AAPL","weekly","TechnologyHardwareAndEquipment","-0.0019218922043334151"
"1989-10-09T05:00:00.000Z",0.4285700023174286,0.5870500206947327,0.3571400046348572,0.5781199932098389,3969574000,"AAPL","weekly","TechnologyHardwareAndEquipment","0.0019218922043334169"
"1989-10-16T05:00:00.000Z",0.3995499908924103,0.5959799885749817,0.3571400046348572,0.5714300274848938,6498738064,"AAPL","weekly","TechnologyHardwareAndEquipment","-0.01163940869336385"
"1989-10-23T05:00:00.000Z",0.4285700023174286,0.5848199725151062,0.3549099862575531,0.5725399851799011,3157842016,"AAPL","weekly","TechnologyHardwareAndEquipment","0.0019405369564438602"
"1989-10-30T05:00:00.000Z",0.40625,0.5848199725151062,0.3415200114250183,0.5803599953651428,3827244176,"AAPL","weekly","TechnologyHardwareAndEquipment","0.013566016562832208"
"1989-11-06T05:00:00.000Z",0.3883900046348572,0.625,0.3192000091075897,0.6026800274848938,3271723952,"AAPL","weekly","TechnologyHardwareAndEquipment","0.037737828876234926"
"1989-11-13T05:00:00.000Z",0.4151799976825714,0.6116099953651428,0.2991099953651428,0.5714300274848938,2620599856,"AAPL","weekly","TechnologyHardwareAndEquipment","-0.05324438239551094"
"1989-11-20T05:00:00.000Z",0.40178999304771423,0.5781199932098389,0.3214299976825714,0.5636199712753296,2397999744,"AAPL","weekly","TechnologyHardwareAndEquipment","-0.013761824551334217"
"1989-11-27T05:00:00.000Z",0.3995499908924103,0.5714300274848938,0.313620001077652,0.5647299885749817,2519138944,"AAPL","weekly","TechnologyHardwareAndEquipment","0.0019675059994327085"
"1989-12-04T05:00:00.000Z",0.39061999320983887,0.5825899839401245,0.2946400046348572,0.5558000206947327,4449583824,"AAPL","weekly","TechnologyHardwareAndEquipment","-0.015939166047592164"
"1989-12-11T05:00:00.000Z",0.3660700023174286,0.5825899839401245,0.27678999304771423,0.5379499793052673,7642964896,"AAPL","weekly","TechnologyHardwareAndEquipment","-0.03264297397224216"
"1989-12-18T05:00:00.000Z",0.3013400137424469,0.5468699932098389,0.24330000579357147,0.53125,5149259696,"AAPL","weekly","TechnologyHardwareAndEquipment","-0.01253286033166976"
"1989-12-26T05:00:00.000Z",0.32811999320983887,0.5535699725151062,0.23436999320983887,0.53125,4580579472,"AAPL","weekly","TechnologyHardwareAndEquipment","0."
"1990-10-08T05:00:00.000Z",0.2567000091075897,0.5491099953651428,0.2276799976825714,0.5111600160598755,3963178800,"AAPL","weekly","TechnologyHardwareAndEquipment","-0.03855003607963429"
"1990-10-15T05:00:00.000Z",0.25446000695228577,0.5424100160598755,0.21651999652385712,0.4810299873352051,4716782784,"AAPL","weekly","TechnologyHardwareAndEquipment","-0.060753072264285814"
"1990-10-22T05:00:00.000Z",0.28125,0.5613800287246704,0.26451000571250916,0.4910700023174286,3786286000,"AAPL","weekly","TechnologyHardwareAndEquipment","0.020657076648807313"
"1990-10-29T05:00:00.000Z",0.2700900137424469,0.5647299885749817,0.25780999660491943,0.47321000695228577,3071478480,"AAPL","weekly","TechnologyHardwareAndEquipment","-0.037047409257378795"
"1990-11-05T05:00:00.000Z",0.2879500091075897,0.5491099953651428,0.28571000695228577,0.4910700023174286,3292230928,"AAPL","weekly","TechnologyHardwareAndEquipment","0.03704740925737869"
"1990-11-12T05:00:00.000Z",0.31696000695228577,0.5412899851799011,0.3102700114250183,0.5022299885749817,3264723840,"AAPL","weekly","TechnologyHardwareAndEquipment","0.022471470803710872"
"1990-11-19T05:00:00.000Z",0.31696000695228577,0.53125,0.3102700114250183,0.4799099862575531,2713761568,"AAPL","weekly","TechnologyHardwareAndEquipment","-0.045459601661078104"
"1990-11-26T05:00:00.000Z",0.3214299976825714,0.4910700023174286,0.3214299976825714,0.4754500091075897,2316721232,"AAPL","weekly","TechnologyHardwareAndEquipment","-0.00933681454496806"
"1990-12-03T05:00:00.000Z",0.3325900137424469,0.4821400046348572,0.2589299976825714,0.29576000571250916,6746347552,"AAPL","weekly","TechnologyHardwareAndEquipment","-0.4747134091981243"
"1990-12-10T05:00:00.000Z",0.3772299885749817,0.4553599953651428,0.26561999320983887,0.27678999304771423,5487220032,"AAPL","weekly","TechnologyHardwareAndEquipment","-0.06628926313731874"
"1990-12-17T05:00:00.000Z",0.34821000695228577,0.4575900137424469,0.2567000091075897,0.29798999428749084,5776090768,"AAPL","weekly","TechnologyHardwareAndEquipment","0.0738008389195014"
"1990-12-24T05:00:00.000Z",0.3995499908924103,0.4620499908924103,0.2946400046348572,0.3035700023174286,4326047824,"AAPL","weekly","TechnologyHardwareAndEquipment","0.01855232431845949"
"1991-10-07T05:00:00.000Z",0.4285700023174286,0.46875,0.2879500091075897,0.2991099953651428,3283954464,"AAPL","weekly","TechnologyHardwareAndEquipment","-0.014800850827943718"
"1991-10-14T05:00:00.000Z",0.4375,0.49553999304771423,0.2991099953651428,0.3303599953651428,4298036624,"AAPL","weekly","TechnologyHardwareAndEquipment","0.09937157169704672"
"1991-10-21T05:00:00.000Z",0.4932999908924103,0.5022299885749817,0.3236599862575531,0.3236599862575531,3145253440,"AAPL","weekly","TechnologyHardwareAndEquipment","-0.02048941528357689"
"1991-10-28T05:00:00.000Z",0.4598200023174286,0.527899980545044,0.31696000695228577,0.3214299976825714,3319637440,"AAPL","weekly","TechnologyHardwareAndEquipment","-0.006913756261247934"
"1991-11-04T05:00:00.000Z",0.45311999320983887,0.5245500206947327,0.3102700114250183,0.32811999320983887,3838825200,"AAPL","weekly","TechnologyHardwareAndEquipment","0.020599591072434576"
"1991-11-11T05:00:00.000Z",0.4776799976825714,0.5200899839401245,0.3214299976825714,0.3325900137424469,3349250240,"AAPL","weekly","TechnologyHardwareAndEquipment","0.013531167040384602"
"1991-11-18T05:00:00.000Z",0.4464299976825714,0.4888400137424469,0.3192000091075897,0.3247799873352051,5697690880,"AAPL","weekly","TechnologyHardwareAndEquipment","-0.023762550438849485"
"1991-11-25T05:00:00.000Z",0.4553599953651428,0.4665200114250183,0.2924099862575531,0.2924099862575531,3970806224,"AAPL","weekly","TechnologyHardwareAndEquipment","-0.10499111102190233"
"1991-12-02T05:00:00.000Z",0.45311999320983887,0.46428999304771423,0.28125,0.375,4792236960,"AAPL","weekly","TechnologyHardwareAndEquipment","0.24876914595036878"
"1991-12-09T05:00:00.000Z",0.4375,0.45311999320983887,0.2834799885749817,0.40066999197006226,5965146656,"AAPL","weekly","TechnologyHardwareAndEquipment","0.06621209984830445"
"1991-12-16T05:00:00.000Z",0.4497799873352051,0.46428999304771423,0.2678599953651428,0.38058000802993774,4719929760,"AAPL","weekly","TechnologyHardwareAndEquipment","-0.051441699845643715"
"1991-12-23T05:00:00.000Z",0.4508900046348572,0.4977700114250183,0.23660999536514282,0.3560299873352051,7743630496,"AAPL","weekly","TechnologyHardwareAndEquipment","-0.06668146458087806"
"1992-10-05T05:00:00.000Z",0.3861599862575531,0.4040200114250183,0.2276799976825714,0.3616099953651428,4759578208,"AAPL","weekly","TechnologyHardwareAndEquipment","0.015551308793413997"
"1992-10-12T05:00:00.000Z",0.3861599862575531,0.44196000695228577,0.23214000463485718,0.39061999320983887,4389876960,"AAPL","weekly","TechnologyHardwareAndEquipment","0.07716893284010241"
"1992-10-19T05:00:00.000Z",0.4375,0.4464299976825714,0.23660999536514282,0.37946000695228577,3351210128,"AAPL","weekly","TechnologyHardwareAndEquipment","-0.028985995268197978"
"1992-10-26T05:00:00.000Z",0.4352700114250183,0.4821400046348572,0.23214000463485718,0.34821000695228577,4250168048,"AAPL","weekly","TechnologyHardwareAndEquipment","-0.08594344174308696"
"1992-11-02T05:00:00.000Z",0.46875,0.5044599771499634,0.2410700023174286,0.35936999320983887,3327623040,"AAPL","weekly","TechnologyHardwareAndEquipment","0.03154671350229981"
"1992-11-09T05:00:00.000Z",0.5,0.5200899839401245,0.23436999320983887,0.3526799976825714,3635444288,"AAPL","weekly","TechnologyHardwareAndEquipment","-0.018791355868808694"
"1992-11-16T05:00:00.000Z",0.5022299885749817,0.53125,0.22544999420642853,0.313620001077652,5303237856,"AAPL","weekly","TechnologyHardwareAndEquipment","-0.11737905825885968"
"1992-11-23T05:00:00.000Z",0.5044599771499634,0.5133900046348572,0.22655999660491943,0.3370499908924103,3250320864,"AAPL","weekly","TechnologyHardwareAndEquipment","0.07204919488891126"
"1992-11-30T05:00:00.000Z",0.5022299885749817,0.5267900228500366,0.18526999652385712,0.18637999892234802,6518539440,"AAPL","weekly","TechnologyHardwareAndEquipment","-0.5924436657024736"
"1992-12-07T05:00:00.000Z",0.5066999793052673,0.5245500206947327,0.21317000687122345,0.3024600148200989,5945658992,"AAPL","weekly","TechnologyHardwareAndEquipment","0.48416149174564055"
"1992-12-14T05:00:00.000Z",0.5133900046348572,0.5290200114250183,0.20089000463485718,0.26673999428749084,6066507328,"AAPL","weekly","TechnologyHardwareAndEquipment","-0.12567470654290652"
"1992-12-21T05:00:00.000Z",0.5200899839401245,0.5468699932098389,0.1964299976825714,0.27344000339508057,7623689360,"AAPL","weekly","TechnologyHardwareAndEquipment","0.024807852005233524"
"1992-12-28T05:00:00.000Z",0.5290200114250183,0.5424100160598755,0.20311999320983887,0.2611599862575531,6918413376,"AAPL","weekly","TechnologyHardwareAndEquipment","-0.04594903808582579"
"1993-10-18T05:00:00.000Z",0.25,0.3560299873352051,0.24330000579357147,0.24776999652385712,5606321168,"AAPL","weekly","TechnologyHardwareAndEquipment","-0.05263231123661745"
"1993-10-25T05:00:00.000Z",0.2700900137424469,0.39006999135017395,0.24442000687122345,0.24553999304771423,5300482656,"AAPL","weekly","TechnologyHardwareAndEquipment","-0.009041044022594757"
"1993-11-01T05:00:00.000Z",0.2745499908924103,0.3962000012397766,0.25,0.26673999428749084,4661286672,"AAPL","weekly","TechnologyHardwareAndEquipment","0.08281454133980444"
"1993-11-08T05:00:00.000Z",0.28571000695228577,0.3962000012397766,0.23771999776363373,0.23995999991893768,3610065200,"AAPL","weekly","TechnologyHardwareAndEquipment","-0.10580213733115192"
"1993-11-15T05:00:00.000Z",0.28125,0.38280999660491943,0.22321000695228577,0.23214000463485718,3500741552,"AAPL","weekly","TechnologyHardwareAndEquipment","-0.03313158454081557"
"1993-11-22T05:00:00.000Z",0.2924099862575531,0.3962000012397766,0.2276799976825714,0.23103000223636627,2997065792,"AAPL","weekly","TechnologyHardwareAndEquipment","-0.0047930760070101245"
"1993-11-29T05:00:00.000Z",0.2879500091075897,0.39844000339508057,0.22210000455379486,0.22655999660491943,2358217120,"AAPL","weekly","TechnologyHardwareAndEquipment","-0.019537786379244363"
"1993-12-06T05:00:00.000Z",0.28125,0.4475399851799011,0.1138399988412857,0.11719000339508057,6902599200,"AAPL","weekly","TechnologyHardwareAndEquipment","-0.6592132172787596"
"1993-12-13T05:00:00.000Z",0.2522299885749817,0.43303999304771423,0.15401999652385712,0.16294999420642853,8031257920,"AAPL","weekly","TechnologyHardwareAndEquipment","0.3296467914880338"
"1993-12-20T05:00:00.000Z",0.2611599862575531,0.4397299885749817,0.14844000339508057,0.14955000579357147,4898659360,"AAPL","weekly","TechnologyHardwareAndEquipment","-0.08581254591329422"
"1993-12-27T05:00:00.000Z",0.24776999652385712,0.44530999660491943,0.14955000579357147,0.15067000687122345,6024741968,"AAPL","weekly","TechnologyHardwareAndEquipment","0.007461236601666339"
"1994-10-10T05:00:00.000Z",0.3314700126647949,0.4442000091075897,0.1473200023174286,0.14844000339508057,6455162112,"AAPL","weekly","TechnologyHardwareAndEquipment","-0.014911201353519348"
"1994-10-17T05:00:00.000Z",0.3649500012397766,0.4241099953651428,0.13504000008106232,0.14117999374866486,5677530992,"AAPL","weekly","TechnologyHardwareAndEquipment","-0.05014523137599153"
"1994-10-24T05:00:00.000Z",0.3817000091075897,0.407370001077652,0.13839000463485718,0.1456499993801117,4159638000,"AAPL","weekly","TechnologyHardwareAndEquipment","0.03117085146128911"
"1994-10-31T05:00:00.000Z",0.375,0.39844000339508057,0.14285999536514282,0.14620999991893768,4139623824,"AAPL","weekly","TechnologyHardwareAndEquipment","0.0038374647254921703"
"1994-11-07T05:00:00.000Z",0.36048999428749084,0.40625,0.1450899988412857,0.1450899988412857,3570887488,"AAPL","weekly","TechnologyHardwareAndEquipment","-0.007689712333505052"
"1994-11-14T05:00:00.000Z",0.3682999908924103,0.4129500091075897,0.14285999536514282,0.1473200023174286,3061309104,"AAPL","weekly","TechnologyHardwareAndEquipment","0.015252875766023712"
"1994-11-21T05:00:00.000Z",0.3571400046348572,0.40178999304771423,0.14285999536514282,0.14788000285625458,4370556736,"AAPL","weekly","TechnologyHardwareAndEquipment","0.0037940460756674707"
"1994-11-28T05:00:00.000Z",0.33594000339508057,0.4045799970626831,0.14173999428749084,0.14844000339508057,3623493664,"AAPL","weekly","TechnologyHardwareAndEquipment","0.0037797056810241056"
"1994-12-05T05:00:00.000Z",0.3258900046348572,0.40625,0.12054000049829483,0.1450899988412857,6497382976,"AAPL","weekly","TechnologyHardwareAndEquipment","-0.022826627522715495"
"1994-12-12T05:00:00.000Z",0.3247799873352051,0.342629998922348,0.13169999420642853,0.16238999366760254,11965418640,"AAPL","weekly","TechnologyHardwareAndEquipment","0.1126465789405815"
"1994-12-19T05:00:00.000Z",0.3325900137424469,0.35155999660491943,0.15289999544620514,0.16797000169754028,6579669152,"AAPL","weekly","TechnologyHardwareAndEquipment","0.03378459165312354"
"1994-12-27T05:00:00.000Z",0.3504500091075897,0.3560299873352051,0.15401999652385712,0.17410999536514282,4632390560,"AAPL","weekly","TechnologyHardwareAndEquipment","0.035901854623102795"
"1995-10-09T05:00:00.000Z",0.31584998965263367,0.32923999428749084,0.14285999536514282,0.16349999606609344,4506648272,"AAPL","weekly","TechnologyHardwareAndEquipment","-0.06287429048150817"
"1995-10-16T05:00:00.000Z",0.3236599862575531,0.3532400131225586,0.14955000579357147,0.1651799976825714,5169644144,"AAPL","weekly","TechnologyHardwareAndEquipment","0.010222808076136923"
"1995-10-23T05:00:00.000Z",0.313620001077652,0.31696000695228577,0.14620999991893768,0.17410999536514282,3647909440,"AAPL","weekly","TechnologyHardwareAndEquipment","0.052651482405371125"
"1995-10-30T05:00:00.000Z",0.311379998922348,0.3314700126647949,0.15178999304771423,0.1785700023174286,3858290576,"AAPL","weekly","TechnologyHardwareAndEquipment","0.025293437428511707"
"1995-11-06T05:00:00.000Z",0.3258900046348572,0.3660700023174286,0.1473200023174286,0.21094000339508057,5630446080,"AAPL","weekly","TechnologyHardwareAndEquipment","0.16659305475673686"
"1995-11-13T05:00:00.000Z",0.35936999320983887,0.37946000695228577,0.14620999991893768,0.218189999461174,5522186768,"AAPL","weekly","TechnologyHardwareAndEquipment","0.03379249142155846"
"1995-11-20T05:00:00.000Z",0.35936999320983887,0.36048999428749084,0.1473200023174286,0.24219000339508057,5421476144,"AAPL","weekly","TechnologyHardwareAndEquipment","0.10435631572825362"
"1995-11-27T05:00:00.000Z",0.3627200126647949,0.3627200126647949,0.14061999320983887,0.23548999428749084,3461832640,"AAPL","weekly","TechnologyHardwareAndEquipment","-0.028054130641365874"
"1995-12-04T05:00:00.000Z",0.35826000571250916,0.4185299873352051,0.13728000223636627,0.40178999304771423,10580324608,"AAPL","weekly","TechnologyHardwareAndEquipment","0.5342611213119379"
"1995-12-11T05:00:00.000Z",0.3526799976825714,0.42243000864982605,0.13057999312877655,0.36886000633239746,10320685648,"AAPL","weekly","TechnologyHardwareAndEquipment","-0.08551236134171615"
"1995-12-18T05:00:00.000Z",0.313620001077652,0.37779000401496887,0.11607000231742859,0.3459799885749817,6874173600,"AAPL","weekly","TechnologyHardwareAndEquipment","-0.06403624852550407"
"1995-12-26T05:00:00.000Z",0.2901799976825714,0.37108999490737915,0.1138399988412857,0.36774998903274536,9374699376,"AAPL","weekly","TechnologyHardwareAndEquipment","0.06102239276232634"
"1996-10-07T05:00:00.000Z",0.20535999536514282,0.3744400143623352,0.13280999660491943,0.3242200016975403,7098252224,"AAPL","weekly","TechnologyHardwareAndEquipment","-0.12598102670977038"
"1996-10-14T05:00:00.000Z",0.21875,0.3549099862575531,0.13951000571250916,0.33649998903274536,7383416096,"AAPL","weekly","TechnologyHardwareAndEquipment","0.03717581354344954"
"1996-10-21T05:00:00.000Z",0.23660999536514282,0.34709998965263367,0.1450899988412857,0.3320299983024597,6194422640,"AAPL","weekly","TechnologyHardwareAndEquipment","-0.013372795325332379"
"1996-10-28T05:00:00.000Z",0.22432999312877655,0.3532400131225586,0.17132000625133514,0.3108299970626831,14992792976,"AAPL","weekly","TechnologyHardwareAndEquipment","-0.06597919168545535"
"1996-11-04T05:00:00.000Z",0.21762999892234802,0.31529000401496887,0.18248000741004944,0.29631999135017395,8828262128,"AAPL","weekly","TechnologyHardwareAndEquipment","-0.047806207214869216"
"1996-11-11T05:00:00.000Z",0.23548999428749084,0.30970999598503113,0.20311999320983887,0.29631999135017395,5175210320,"AAPL","weekly","TechnologyHardwareAndEquipment","0."
"1996-11-18T05:00:00.000Z",0.22321000695228577,0.3219900131225586,0.19196000695228577,0.2991099953651428,4121233424,"AAPL","weekly","TechnologyHardwareAndEquipment","0.009371460948766386"
"1996-11-25T05:00:00.000Z",0.22655999660491943,0.3141700029373169,0.19586999714374542,0.29686999320983887,4151384048,"AAPL","weekly","TechnologyHardwareAndEquipment","-0.007517073546447327"
"1996-12-02T05:00:00.000Z",0.21539999544620514,1.0044599771499634,0.18973000347614288,0.8883900046348572,7518140672,"AAPL","weekly","TechnologyHardwareAndEquipment","1.096116531313853"
"1996-12-09T05:00:00.000Z",0.22544999420642853,0.9129499793052673,0.19196000695228577,0.8967599868774414,7618638048,"AAPL","weekly","TechnologyHardwareAndEquipment","0.009377412113740078"
"1996-12-16T05:00:00.000Z",0.2098200023174286,1.084820032119751,0.1875,0.9938600063323975,10269356048,"AAPL","weekly","TechnologyHardwareAndEquipment","0.10280810494117312"
"1996-12-23T05:00:00.000Z",0.21428999304771423,1.0195300579071045,0.19085000455379486,0.9073699712753296,9315104176,"AAPL","weekly","TechnologyHardwareAndEquipment","-0.0910460845061957"
"1997-10-06T05:00:00.000Z",0.1981000006198883,0.9821400046348572,0.1891700029373169,0.9642800092697144,14453994016,"AAPL","weekly","TechnologyHardwareAndEquipment","0.060831444948996095"
"1997-10-13T05:00:00.000Z",0.20311999320983887,1.0457600355148315,0.17745999991893768,0.9709799885749817,9224977552,"AAPL","weekly","TechnologyHardwareAndEquipment","0.006924140509495577"
"1997-10-20T05:00:00.000Z",0.17969000339508057,1.070870041847229,0.1473200023174286,0.9933000206947327,6569388000,"AAPL","weekly","TechnologyHardwareAndEquipment","0.022726895065265176"
"1997-10-27T05:00:00.000Z",0.14955000579357147,1.0636199712753296,0.14173999428749084,0.9854900240898132,6421995664,"AAPL","weekly","TechnologyHardwareAndEquipment","-0.007893750203272383"
"1997-11-03T05:00:00.000Z",0.156810000538826,1.179129958152771,0.15233999490737915,1.1428600549697876,9885599248,"AAPL","weekly","TechnologyHardwareAndEquipment","0.14815021584961707"
"1997-11-10T05:00:00.000Z",0.1875,1.152899980545044,0.15625,1.1227699518203735,8678898928,"AAPL","weekly","TechnologyHardwareAndEquipment","-0.017735137399595324"
"1997-11-17T05:00:00.000Z",0.16853000223636627,1.1294599771499634,0.15960000455379486,1.116070032119751,7663852672,"AAPL","weekly","TechnologyHardwareAndEquipment","-0.005985188534524387"
"1997-11-24T05:00:00.000Z",0.156810000538826,1.3426300287246704,0.15067000687122345,1.2382800579071045,7083087648,"AAPL","weekly","TechnologyHardwareAndEquipment","0.10390975191190875"
"1997-12-01T05:00:00.000Z",0.1579200029373169,1.2924100160598755,0.13895000517368317,0.39107000827789307,8530436880,"AAPL","weekly","TechnologyHardwareAndEquipment","-1.1525920524177398"
"1997-12-08T05:00:00.000Z",0.13895000517368317,1.2455300092697144,0.12387999892234802,0.30691999197006226,8496641048,"AAPL","weekly","TechnologyHardwareAndEquipment","-0.2422994921155292"
"1997-12-15T05:00:00.000Z",0.12612000107765198,1.1852699518203735,0.11829999834299088,0.34821099042892456,12393348688,"AAPL","weekly","TechnologyHardwareAndEquipment","0.12622148924181212"
"1997-12-22T05:00:00.000Z",0.12387999892234802,1.162950038909912,0.1155100017786026,0.34933000802993774,10993890544,"AAPL","weekly","TechnologyHardwareAndEquipment","0.0032084667809924366"
"1998-10-05T05:00:00.000Z",0.3035700023174286,1.149549961090088,0.25446000695228577,0.3682999908924103,9994900216,"AAPL","weekly","TechnologyHardwareAndEquipment","0.05288074155299144"
"1998-10-12T05:00:00.000Z",0.3348200023174286,1.1272300481796265,0.31696000695228577,0.3415200114250183,11048451792,"AAPL","weekly","TechnologyHardwareAndEquipment","-0.07549152281914889"
"1998-10-19T05:00:00.000Z",0.32756999135017395,1.0150699615478516,0.313620001077652,0.33928900957107544,7071741936,"AAPL","weekly","TechnologyHardwareAndEquipment","-0.00655399611686968"
"1998-10-26T05:00:00.000Z",0.3219900131225586,0.973770022392273,0.3130599856376648,0.3359389901161194,8567385960,"AAPL","weekly","TechnologyHardwareAndEquipment","-0.009922713345535326"
"1998-11-02T05:00:00.000Z",0.3348200023174286,0.8370500206947327,0.30691999197006226,0.34375,8940441552,"AAPL","weekly","TechnologyHardwareAndEquipment","0.02298508254004148"
"1998-11-09T05:00:00.000Z",0.33649998903274536,0.8906199932098389,0.2924099862575531,0.361611008644104,10707176200,"AAPL","weekly","TechnologyHardwareAndEquipment","0.05065442333296049"
"1998-11-16T05:00:00.000Z",0.3208700120449066,0.8794599771499634,0.3102700114250183,0.3504500091075897,9949758560,"AAPL","weekly","TechnologyHardwareAndEquipment","-0.03135100337913682"
"1998-11-23T05:00:00.000Z",0.31751999258995056,0.861050009727478,0.3102700114250183,0.41071099042892456,8461249104,"AAPL","weekly","TechnologyHardwareAndEquipment","0.15867171190585772"
"1998-11-30T05:00:00.000Z",0.30858999490737915,1.0290199518203735,0.24713900685310364,0.25588899850845337,12304550664,"AAPL","weekly","TechnologyHardwareAndEquipment","-0.4731460299687328"
"1998-12-07T05:00:00.000Z",0.29798999428749084,0.9910699725151062,0.282370001077652,0.37588900327682495,15575222040,"AAPL","weekly","TechnologyHardwareAndEquipment","0.38455014488587425"
"1998-12-14T05:00:00.000Z",0.2935299873352051,0.985489010810852,0.2879500091075897,0.395889014005661,11347772072,"AAPL","weekly","TechnologyHardwareAndEquipment","0.051840008552083004"
"1998-12-21T05:00:00.000Z",0.31584998965263367,1.0825899839401245,0.3057999908924103,0.4151799976825714,13579721736,"AAPL","weekly","TechnologyHardwareAndEquipment","0.047578251243217067"
"1998-12-28T05:00:00.000Z",0.34821000695228577,1.0513399839401245,0.34821000695228577,0.43588900566101074,12134959312,"AAPL","weekly","TechnologyHardwareAndEquipment","0.04867548121463148"
"1999-10-18T05:00:00.000Z",0.659600019454956,0.950888991355896,0.41732001304626465,0.4291110038757324,9613971360,"AAPL","weekly","TechnologyHardwareAndEquipment","-0.015672001016519537"
"1999-10-25T05:00:00.000Z",0.6629499793052673,0.9218699932098389,0.4064300060272217,0.42678898572921753,6081538064,"AAPL","weekly","TechnologyHardwareAndEquipment","-0.0054259232889882604"
"1999-11-01T05:00:00.000Z",0.7142900228500366,0.8761199712753296,0.3830389976501465,0.4060699939727783,5924939552,"AAPL","weekly","TechnologyHardwareAndEquipment","-0.04976416877155611"
"1999-11-08T05:00:00.000Z",0.7834799885749817,0.9363800287246704,0.3739300072193146,0.41874998807907104,7877202480,"AAPL","weekly","TechnologyHardwareAndEquipment","0.030748510980914096"
"1999-11-15T05:00:00.000Z",0.8002200126647949,1.0267800092697144,0.34463900327682495,0.44036099314689636,6398436968,"AAPL","weekly","TechnologyHardwareAndEquipment","0.05032077483505966"
"1999-11-22T05:00:00.000Z",0.8191999793052673,1.1361600160598755,0.3630389869213104,0.4455389976501465,5502368760,"AAPL","weekly","TechnologyHardwareAndEquipment","0.011689950386194475"
"1999-11-29T05:00:00.000Z",0.8415200114250183,1.1450899839401245,0.34553900361061096,0.43018001317977905,7710837624,"AAPL","weekly","TechnologyHardwareAndEquipment","-0.03508102350652951"
"1999-12-06T05:00:00.000Z",1.022879958152771,1.0781199932098389,0.2562499940395355,0.3816109895706177,7745094672,"AAPL","weekly","TechnologyHardwareAndEquipment","-0.1198020185615118"
"1999-12-13T05:00:00.000Z",0.9142000079154968,1.097100019454956,0.2578609883785248,0.2628610134124756,9301594792,"AAPL","weekly","TechnologyHardwareAndEquipment","-0.37277631144652557"
"1999-12-20T05:00:00.000Z",0.888949990272522,0.9910699725151062,0.2514300048351288,0.25178900361061096,14456516816,"AAPL","weekly","TechnologyHardwareAndEquipment","-0.04303397684689039"
"1999-12-27T05:00:00.000Z",0.9319199919700623,0.932479977607727,0.24213899672031403,0.24642999470233917,13861115800,"AAPL","weekly","TechnologyHardwareAndEquipment","-0.021513493534019285"
"2000-10-09T05:00:00.000Z",0.4040200114250183,0.4503610134124756,0.24375000596046448,0.2564300000667572,11246164888,"AAPL","weekly","TechnologyHardwareAndEquipment","0.039777767145358245"
"2000-10-16T05:00:00.000Z",0.3984389901161194,0.43536099791526794,0.2512499988079071,0.2526800036430359,8789993576,"AAPL","weekly","TechnologyHardwareAndEquipment","-0.014731842694434947"
"2000-10-23T05:00:00.000Z",0.357138991355896,0.43786099553108215,0.2510699927806854,0.2619610130786896,7113592136,"AAPL","weekly","TechnologyHardwareAndEquipment","0.03607180719727181"
"2000-10-30T05:00:00.000Z",0.3415200114250183,0.46393001079559326,0.2616110146045685,0.267861008644104,6647088056,"AAPL","weekly","TechnologyHardwareAndEquipment","0.02227253387101682"
"2000-11-06T05:00:00.000Z",0.40066999197006226,0.4507110118865967,0.25856998562812805,0.2680389881134033,5497604952,"AAPL","weekly","TechnologyHardwareAndEquipment","0.000664226448665316"
"2000-11-13T05:00:00.000Z",0.3348200023174286,0.4364300072193146,0.2555390000343323,0.259460985660553,4574343200,"AAPL","weekly","TechnologyHardwareAndEquipment","-0.032526100937256296"
"2000-11-20T05:00:00.000Z",0.3320299983024597,0.41874998807907104,0.2510699927806854,0.26392999291419983,5069835512,"AAPL","weekly","TechnologyHardwareAndEquipment","0.01707754259723119"
"2000-11-27T05:00:00.000Z",0.3549109995365143,0.38999998569488525,0.26071101427078247,0.267861008644104,6617623768,"AAPL","weekly","TechnologyHardwareAndEquipment","0.014784331891359763"
"2000-12-04T05:00:00.000Z",0.30691999197006226,0.388388991355896,0.25,0.3799999952316284,7678393184,"AAPL","weekly","TechnologyHardwareAndEquipment","0.34970301865570985"
"2000-12-11T05:00:00.000Z",0.27121099829673767,0.4308890104293823,0.25,0.41071099042892456,9057013224,"AAPL","weekly","TechnologyHardwareAndEquipment","0.07771854066837751"
"2000-12-18T05:00:00.000Z",0.26003900170326233,0.44356998801231384,0.23088900744915009,0.40571099519729614,9850809696,"AAPL","weekly","TechnologyHardwareAndEquipment","-0.01224870920261354"
"2000-12-26T05:00:00.000Z",0.26561999320983887,0.410180002450943,0.22713899612426758,0.40286099910736084,8253647248,"AAPL","weekly","TechnologyHardwareAndEquipment","-0.0070494845545027475"
"2001-10-08T05:00:00.000Z",0.27803900837898254,0.41749998927116394,0.2317889928817749,0.40286099910736084,6669292224,"AAPL","weekly","TechnologyHardwareAndEquipment","0."
"2001-10-15T05:00:00.000Z",0.3205389976501465,0.40911099314689636,0.23982000350952148,0.40553900599479675,7065057608,"AAPL","weekly","TechnologyHardwareAndEquipment","0.006625474188219918"
"2001-10-22T05:00:00.000Z",0.3251799941062927,0.4303610026836395,0.25446099042892456,0.41071099042892456,10040213400,"AAPL","weekly","TechnologyHardwareAndEquipment","0.012672719568896231"
"2001-10-29T05:00:00.000Z",0.3316110074520111,0.4221389889717102,0.24946099519729614,0.4000000059604645,5307801632,"AAPL","weekly","TechnologyHardwareAndEquipment","-0.026425218831319545"
"2001-11-05T05:00:00.000Z",0.33643001317977905,0.42893001437187195,0.2596389949321747,0.427139014005661,5784403912,"AAPL","weekly","TechnologyHardwareAndEquipment","0.06564495796863816"
"2001-11-12T05:00:00.000Z",0.3332110047340393,0.4908890128135681,0.27588900923728943,0.47749999165534973,6475916776,"AAPL","weekly","TechnologyHardwareAndEquipment","0.11145462246729622"
"2001-11-19T05:00:00.000Z",0.33928900957107544,0.5024999976158142,0.2591109871864319,0.4921390116214752,6509537944,"AAPL","weekly","TechnologyHardwareAndEquipment","0.0301970780852948"
"2001-11-26T05:00:00.000Z",0.35607001185417175,0.4883889853954315,0.25088900327682495,0.46178901195526123,5932297616,"AAPL","weekly","TechnologyHardwareAndEquipment","-0.06365311784008844"
"2001-12-03T05:00:00.000Z",0.3760699927806854,1.2433899641036987,0.25088900327682495,1.2366100549697876,12085508512,"AAPL","weekly","TechnologyHardwareAndEquipment","0.9850209855427957"
"2001-12-10T05:00:00.000Z",0.3980390131473541,1.3289300203323364,0.25213900208473206,1.2535699605941772,17259372088,"AAPL","weekly","TechnologyHardwareAndEquipment","0.013621640009004043"
"2001-12-17T05:00:00.000Z",0.36428898572921753,1.2785700559616089,0.2571389973163605,1.2587499618530273,7978112688,"AAPL","weekly","TechnologyHardwareAndEquipment","0.004123685485248038"
"2001-12-24T05:00:00.000Z",0.37321099638938904,1.3210699558258057,0.24998000264167786,1.3210699558258057,10318583128,"AAPL","weekly","TechnologyHardwareAndEquipment","0.04832284611184128"
"2002-10-07T05:00:00.000Z",0.24946099519729614,1.4269599914550781,0.23857000470161438,1.4078600406646729,10113410776,"AAPL","weekly","TechnologyHardwareAndEquipment","0.06362886900099342"
"2002-10-14T05:00:00.000Z",0.25982001423835754,1.464110016822815,0.24821099638938904,1.4501800537109375,9223688768,"AAPL","weekly","TechnologyHardwareAndEquipment","0.02961687383844039"
"2002-10-21T05:00:00.000Z",0.25463899970054626,1.6228599548339844,0.25,1.5501799583435059,11542877584,"AAPL","weekly","TechnologyHardwareAndEquipment","0.06668330265245234"
"2002-10-28T05:00:00.000Z",0.27768000960350037,1.605530023574829,0.2671389877796173,1.589110016822815,8701201096,"AAPL","weekly","TechnologyHardwareAndEquipment","0.024803095324221994"
"2002-11-04T05:00:00.000Z",0.294638991355896,1.6121400594711304,0.27713900804519653,1.5289299488067627,7250154604,"AAPL","weekly","TechnologyHardwareAndEquipment","-0.038606010813848166"
"2002-11-11T05:00:00.000Z",0.28123000264167786,1.5446399450302124,0.27000001072883606,1.4382100105285645,7466998812,"AAPL","weekly","TechnologyHardwareAndEquipment","-0.061168818740744986"
"2002-11-18T05:00:00.000Z",0.2891109883785248,1.5514299869537354,0.2680389881134033,1.5342799425125122,7098556612,"AAPL","weekly","TechnologyHardwareAndEquipment","0.06466188603642534"
"2002-11-25T05:00:00.000Z",0.28588899970054626,1.5703599452972412,0.27268001437187195,1.5178600549697876,5208079800,"AAPL","weekly","TechnologyHardwareAndEquipment","-0.010759693833318842"
"2002-12-02T05:00:00.000Z",0.2839300036430359,2.7392799854278564,0.2589299976825714,2.7249999046325684,9974570312,"AAPL","weekly","TechnologyHardwareAndEquipment","0.5851669087963268"
"2002-12-09T05:00:00.000Z",0.2667889893054962,3.085710048675537,0.2616110146045685,3.0567800998687744,13326717740,"AAPL","weekly","TechnologyHardwareAndEquipment","0.1148937138925527"
"2002-12-16T05:00:00.000Z",0.2644610106945038,3.0850000381469727,0.246069997549057,2.7174599170684814,18183182304,"AAPL","weekly","TechnologyHardwareAndEquipment","-0.11766451703489218"
"2002-12-23T05:00:00.000Z",0.25286099314689636,2.8414299488067627,0.2501800060272217,2.572499990463257,13506388364,"AAPL","weekly","TechnologyHardwareAndEquipment","-0.05481940495676572"
"2003-10-06T05:00:00.000Z",0.3869610130786896,2.7357099056243896,0.385360985994339,2.565959930419922,13232339904,"AAPL","weekly","TechnologyHardwareAndEquipment","-0.002545534528059247"
"2003-10-13T05:00:00.000Z",0.42375001311302185,2.589639902114868,0.40018001198768616,2.4039299488067627,13316413656,"AAPL","weekly","TechnologyHardwareAndEquipment","-0.06522777367388288"
"2003-10-20T05:00:00.000Z",0.4035699963569641,2.5360701084136963,0.3969610035419464,2.510349988937378,11839719976,"AAPL","weekly","TechnologyHardwareAndEquipment","0.04331730442986279"
"2003-10-27T05:00:00.000Z",0.40625,2.607140064239502,0.4000000059604645,2.5521399974823,8854444844,"AAPL","weekly","TechnologyHardwareAndEquipment","0.016510040678711542"
"2003-11-03T05:00:00.000Z",0.4076800048351288,2.585710048675537,0.40088900923728943,2.418570041656494,10083814552,"AAPL","weekly","TechnologyHardwareAndEquipment","-0.05375574827980422"
"2003-11-10T05:00:00.000Z",0.40088900923728943,2.418570041656494,0.3799999952316284,2.256779909133911,9506068768,"AAPL","weekly","TechnologyHardwareAndEquipment","-0.0692374953485637"
"2003-11-17T05:00:00.000Z",0.3812499940395355,2.430000066757202,0.35446101427078247,2.3092799186706543,10806232416,"AAPL","weekly","TechnologyHardwareAndEquipment","0.022996774121486485"
"2003-11-24T05:00:00.000Z",0.3660700023174286,2.3378500938415527,0.3615890145301819,2.141429901123047,11097992276,"AAPL","weekly","TechnologyHardwareAndEquipment","-0.07546196842158195"
"2003-12-01T05:00:00.000Z",0.37571099400520325,7.160709857940674,0.37018001079559326,7.07427978515625,15347620932,"AAPL","weekly","TechnologyHardwareAndEquipment","1.1949918571995122"
"2003-12-08T05:00:00.000Z",0.371069997549057,3.4928500652313232,0.3564299941062927,3.3792800903320312,22855236460,"AAPL","weekly","TechnologyHardwareAndEquipment","-0.7388029454134684"
"2003-12-15T05:00:00.000Z",0.38374999165534973,3.4857099056243896,0.3503609895706177,3.160710096359253,15130313380,"AAPL","weekly","TechnologyHardwareAndEquipment","-0.06686597939094996"
"2003-12-22T05:00:00.000Z",0.3508889973163605,3.1842799186706543,0.34375,3.0492799282073975,17791616612,"AAPL","weekly","TechnologyHardwareAndEquipment","-0.03589124275857155"
"2004-10-04T05:00:00.000Z",0.6996390223503113,3.094640016555786,0.6857110261917114,3.026779890060425,11815427988,"AAPL","weekly","TechnologyHardwareAndEquipment","-0.007406161777889763"
"2004-10-11T05:00:00.000Z",0.692861020565033,3.089639902114868,0.6723200082778931,2.9739298820495605,15139368272,"AAPL","weekly","TechnologyHardwareAndEquipment","-0.01761504107966602"
"2004-10-18T05:00:00.000Z",0.7998200058937073,3.05856990814209,0.7982109785079956,3.029639959335327,10867200204,"AAPL","weekly","TechnologyHardwareAndEquipment","0.018559516383106083"
"2004-10-25T05:00:00.000Z",0.842860996723175,3.2432100772857666,0.8387500047683716,3.18107008934021,12990753664,"AAPL","weekly","TechnologyHardwareAndEquipment","0.048773859109319306"
"2004-11-01T05:00:00.000Z",0.9375,3.214279890060425,0.9292799830436707,3.0503499507904053,15818088132,"AAPL","weekly","TechnologyHardwareAndEquipment","-0.04196132426694842"
"2004-11-08T05:00:00.000Z",0.9691110253334045,3.177500009536743,0.9532110095024109,3.141779899597168,10737838916,"AAPL","weekly","TechnologyHardwareAndEquipment","0.029533164327061465"
"2004-11-15T05:00:00.000Z",0.9835699796676636,3.2357099056243896,0.9682109951972961,3.1996400356292725,11835670392,"AAPL","weekly","TechnologyHardwareAndEquipment","0.01824882828392945"
"2004-11-22T05:00:00.000Z",1.0360699892044067,3.369999885559082,1.0339299440383911,3.3399999141693115,16138048556,"AAPL","weekly","TechnologyHardwareAndEquipment","0.04293246667831629"
"2004-11-29T05:00:00.000Z",1.2321399450302124,7.152140140533447,1.102679967880249,3.0482099056243896,21803978252,"AAPL","weekly","TechnologyHardwareAndEquipment","-0.09141627916293008"
"2004-12-06T05:00:00.000Z",1.147320032119751,6.557139873504639,1.1080299615859985,6.167490005493164,21118521088,"AAPL","weekly","TechnologyHardwareAndEquipment","0.7047374467803438"
"2004-12-13T05:00:00.000Z",1.173930048942566,6.4078497886657715,1.1535700559616089,5.762849807739258,20350298136,"AAPL","weekly","TechnologyHardwareAndEquipment","-0.06785983826487298"
"2004-12-20T05:00:00.000Z",1.1692800521850586,5.7135701179504395,1.100000023841858,4.643209934234619,22817815524,"AAPL","weekly","TechnologyHardwareAndEquipment","-0.21602618741458876"
"2004-12-27T05:00:00.000Z",1.1571400165557861,4.880350112915039,1.1080299615859985,4.776780128479004,27572917232,"AAPL","weekly","TechnologyHardwareAndEquipment","0.028360783006335252"
"2005-10-17T05:00:00.000Z",1.9278600215911865,4.853569984436035,1.8289300203323364,4.481420040130615,17699340568,"AAPL","weekly","TechnologyHardwareAndEquipment","-0.06382673679015594"
"2005-10-24T05:00:00.000Z",1.9732099771499634,4.678569793701172,1.9346400499343872,4.4510698318481445,17221950928,"AAPL","weekly","TechnologyHardwareAndEquipment","-0.006795490509762091"
"2005-10-31T05:00:00.000Z",1.9714299440383911,4.526780128479004,1.9553600549697876,4.266419887542725,17543314768,"AAPL","weekly","TechnologyHardwareAndEquipment","-0.042369437207610494"
"2005-11-07T05:00:00.000Z",2.1732099056243896,4.721419811248779,2.1075000762939453,4.465000152587891,16999208996,"AAPL","weekly","TechnologyHardwareAndEquipment","0.045494206775124675"
"2005-11-14T05:00:00.000Z",2.197849988937378,4.553569793701172,2.1753499507904053,4.366069793701172,17357492012,"AAPL","weekly","TechnologyHardwareAndEquipment","-0.022406004771785382"
"2005-11-21T05:00:00.000Z",2.315000057220459,4.653570175170898,2.275710105895996,4.521780014038086,17015536384,"AAPL","weekly","TechnologyHardwareAndEquipment","0.03504248100656736"
"2005-11-28T05:00:00.000Z",2.525710105895996,4.796070098876953,2.4053499698638916,4.759640216827393,19380515000,"AAPL","weekly","TechnologyHardwareAndEquipment","0.05126635594907017"
"2005-12-05T05:00:00.000Z",2.5696399211883545,5.204989910125732,2.5507099628448486,3.241070032119751,19064295068,"AAPL","weekly","TechnologyHardwareAndEquipment","-0.3842685485779938"
"2005-12-12T05:00:00.000Z",2.6739299297332764,5.525529861450195,2.5096399784088135,3.234999895095825,21881168820,"AAPL","weekly","TechnologyHardwareAndEquipment","-0.0018746365835511382"
"2005-12-19T05:00:00.000Z",2.539639949798584,5.70320987701416,2.537139892578125,2.94035005569458,21079471532,"AAPL","weekly","TechnologyHardwareAndEquipment","-0.09550025469947655"
"2005-12-27T05:00:00.000Z",2.642849922180176,5.794990062713623,2.5121400356292725,3.155709981918335,18548751004,"AAPL","weekly","TechnologyHardwareAndEquipment","0.07068486373987407"
"2006-10-09T05:00:00.000Z",2.6357100009918213,6.110710144042969,2.5928499698638916,3.2189300060272217,17237879764,"AAPL","weekly","TechnologyHardwareAndEquipment","0.019835503503455074"
"2006-10-16T05:00:00.000Z",2.685349941253662,6.497139930725098,2.6396400928497314,3.561429977416992,20279863492,"AAPL","weekly","TechnologyHardwareAndEquipment","0.1011131351933819"
"2006-10-23T05:00:00.000Z",2.8567800521850586,6.721419811248779,2.848210096359253,3.5414299964904785,17132854480,"AAPL","weekly","TechnologyHardwareAndEquipment","-0.00563154387304552"
"2006-10-30T05:00:00.000Z",2.856600046157837,6.8657097816467285,2.778209924697876,3.2571399211883545,14969410120,"AAPL","weekly","TechnologyHardwareAndEquipment","-0.08368111387404237"
"2006-11-06T05:00:00.000Z",2.8196399211883545,6.738920211791992,2.801069974899292,3.1896400451660156,17451134652,"AAPL","weekly","TechnologyHardwareAndEquipment","-0.020941413591076322"
"2006-11-13T05:00:00.000Z",2.973210096359253,6.769279956817627,2.94035005569458,3.0464301109313965,14553277508,"AAPL","weekly","TechnologyHardwareAndEquipment","-0.04593762225499139"
"2006-11-20T05:00:00.000Z",3.049999952316284,6.783919811248779,2.948930025100708,3.426069974899292,15398825596,"AAPL","weekly","TechnologyHardwareAndEquipment","0.11744337468840511"
"2006-11-27T05:00:00.000Z",3.3039300441741943,6.67071008682251,3.196429967880249,3.6282100677490234,22137358908,"AAPL","weekly","TechnologyHardwareAndEquipment","0.057325608024306196"
"2006-12-04T05:00:00.000Z",3.2814300060272217,7.699639797210693,3.103569984436035,7.570710182189941,18632541676,"AAPL","weekly","TechnologyHardwareAndEquipment","0.7355474460159316"
"2006-12-11T05:00:00.000Z",3.174999952316284,7.607140064239502,3.054640054702759,7.354640007019043,18307409792,"AAPL","weekly","TechnologyHardwareAndEquipment","-0.028955470882886244"
"2006-12-18T05:00:00.000Z",3.129460096359253,7.698209762573242,2.9142799377441406,7.062489986419678,16391455472,"AAPL","weekly","TechnologyHardwareAndEquipment","-0.04053372889535057"
"2006-12-26T05:00:00.000Z",2.935349941253662,7.632490158081055,2.7417800426483154,6.859389781951904,22369206832,"AAPL","weekly","TechnologyHardwareAndEquipment","-0.029179193906473645"
"2007-10-08T05:00:00.000Z",5.8389201164245605,7.149990081787109,4.235710144042969,6.980710029602051,16575344268,"AAPL","weekly","TechnologyHardwareAndEquipment","0.017532150326492645"
"2007-10-15T05:00:00.000Z",5.999279975891113,7.201419830322266,4.380710124969482,7.1564202308654785,16142923048,"AAPL","weekly","TechnologyHardwareAndEquipment","0.02485925315129109"
"2007-10-22T05:00:00.000Z",6.083920001983643,7.296780109405518,4.509280204772949,7.202489852905273,14086986228,"AAPL","weekly","TechnologyHardwareAndEquipment","0.0064168909552357965"
"2007-10-29T05:00:00.000Z",6.6232099533081055,7.327489852905273,4.2635698318481445,7.307849884033203,12605231464,"AAPL","weekly","TechnologyHardwareAndEquipment","0.014522317838733164"
"2007-11-05T05:00:00.000Z",6.617489814758301,7.846419811248779,4.341780185699463,7.819640159606934,14841226092,"AAPL","weekly","TechnologyHardwareAndEquipment","0.06768944111819404"
"2007-11-12T05:00:00.000Z",5.902850151062012,8.133210182189941,4.448209762573242,8.092849731445312,15480192868,"AAPL","weekly","TechnologyHardwareAndEquipment","0.034342384518640925"
"2007-11-19T05:00:00.000Z",5.932139873504639,8.08749008178711,4.857140064239502,7.937489986419678,11771561200,"AAPL","weekly","TechnologyHardwareAndEquipment","-0.01938381995699909"
"2007-11-26T05:00:00.000Z",6.199639797210693,8.283920288085938,4.858570098876953,8.246419906616211,15286494804,"AAPL","weekly","TechnologyHardwareAndEquipment","0.038182052784956004"
"2007-12-03T05:00:00.000Z",6.49498987197876,12.012499809265137,4.80463981628418,12.004300117492676,16123133992,"AAPL","weekly","TechnologyHardwareAndEquipment","0.3754857732732827"
"2007-12-10T05:00:00.000Z",6.913919925689697,12.445699691772461,4.309999942779541,12.445699691772461,18353929412,"AAPL","weekly","TechnologyHardwareAndEquipment","0.036110228238063445"
"2007-12-17T05:00:00.000Z",6.81141996383667,12.449999809265137,4.392849922180176,11.668600082397461,18657244704,"AAPL","weekly","TechnologyHardwareAndEquipment","-0.064473676521498"
"2007-12-24T05:00:00.000Z",6.965350151062012,12.34280014038086,3.380350112915039,12.003600120544434,20845155772,"AAPL","weekly","TechnologyHardwareAndEquipment","0.02830513439996295"
"2008-10-06T05:00:00.000Z",3.2842800617218018,12.382100105285645,3.035710096359253,12.375,17176552092,"AAPL","weekly","TechnologyHardwareAndEquipment","0.03047169361539895"
"2008-10-13T05:00:00.000Z",3.733920097351074,12.857099533081055,3.0673201084136963,12.744600296020508,19968531660,"AAPL","weekly","TechnologyHardwareAndEquipment","0.02942936725113509"
"2008-10-20T05:00:00.000Z",3.563570022583008,13.032099723815918,3.218209981918335,12.520000457763672,17599195236,"AAPL","weekly","TechnologyHardwareAndEquipment","-0.017780273471343755"
"2008-10-27T05:00:00.000Z",3.3953499794006348,12.443900108337402,3.280709981918335,12.434300422668457,17541547156,"AAPL","weekly","TechnologyHardwareAndEquipment","-0.006868585293688638"
"2008-11-03T05:00:00.000Z",3.783210039138794,12.867500305175781,3.418570041656494,12.857099533081055,14529197984,"AAPL","weekly","TechnologyHardwareAndEquipment","0.03343733467916652"
"2008-11-10T05:00:00.000Z",3.577500104904175,12.916799545288086,3.0721399784088135,12.571100234985352,14225959412,"AAPL","weekly","TechnologyHardwareAndEquipment","-0.022495604209822075"
"2008-11-17T05:00:00.000Z",3.1600000858306885,12.731599807739258,2.826430082321167,11.809599876403809,16561573224,"AAPL","weekly","TechnologyHardwareAndEquipment","-0.062487797842289285"
"2008-11-24T05:00:00.000Z",3.043210029602051,12.573599815368652,3.0299999713897705,12.555000305175781,11285966608,"AAPL","weekly","TechnologyHardwareAndEquipment","0.06120626734874757"
"2008-12-01T05:00:00.000Z",3.2607100009918213,19.121400833129883,3.089279890060425,19.006200790405273,14539939708,"AAPL","weekly","TechnologyHardwareAndEquipment","0.4146462663965434"
"2008-12-08T05:00:00.000Z",3.4742801189422607,15.276800155639648,3.304640054702759,14.993200302124023,15907904740,"AAPL","weekly","TechnologyHardwareAndEquipment","-0.23716849818021069"
"2008-12-15T05:00:00.000Z",3.4282100200653076,15.406000137329102,3.1435699462890625,15.010700225830078,12939273956,"AAPL","weekly","TechnologyHardwareAndEquipment","0.0011665100458630665"
"2008-12-22T05:00:00.000Z",3.2149999141693115,16.230300903320312,3.0196399688720703,15.974300384521484,13718751564,"AAPL","weekly","TechnologyHardwareAndEquipment","0.06221790972958963"
"2009-10-05T05:00:00.000Z",6.649990081787109,16.428600311279297,6.5810699462890625,16.41710090637207,10532153996,"AAPL","weekly","TechnologyHardwareAndEquipment","0.027342324841285744"
"2009-10-12T05:00:00.000Z",6.822140216827393,17.7721004486084,6.708559989929199,17.622100830078125,8685818400,"AAPL","weekly","TechnologyHardwareAndEquipment","0.07083031350786291"
"2009-10-19T05:00:00.000Z",6.708920001983643,18.79599952697754,6.626780033111572,17.93280029296875,11925506824,"AAPL","weekly","TechnologyHardwareAndEquipment","0.017477611359881285"
"2009-10-26T05:00:00.000Z",7.273920059204102,18.674999237060547,6.645229816436768,18.657499313354492,9521337588,"AAPL","weekly","TechnologyHardwareAndEquipment","0.039616718603276736"
"2009-11-02T05:00:00.000Z",6.778560161590576,19.578899383544922,6.627490043640137,19.470699310302734,8901831120,"AAPL","weekly","TechnologyHardwareAndEquipment","0.04266256284257416"
"2009-11-09T05:00:00.000Z",7.033559799194336,19.56209945678711,7.009280204772949,19.470300674438477,9687922412,"AAPL","weekly","TechnologyHardwareAndEquipment","-0.000020473838084701144"
"2009-11-16T05:00:00.000Z",7.338560104370117,21.42889976501465,7.062849998474121,20.91320037841797,11179993608,"AAPL","weekly","TechnologyHardwareAndEquipment","0.07149029442554167"
"2009-11-23T05:00:00.000Z",7.249989986419678,21.7731990814209,7.084640026092529,21.287500381469727,8677510884,"AAPL","weekly","TechnologyHardwareAndEquipment","0.017739507257917245"
"2009-11-30T05:00:00.000Z",7.18248987197876,22.194599151611328,6.79571008682251,20.036399841308594,13101168752,"AAPL","weekly","TechnologyHardwareAndEquipment","-0.060569452468080646"
"2009-12-07T05:00:00.000Z",6.904280185699463,22.666400909423828,6.738560199737549,18.58209991455078,13054404804,"AAPL","weekly","TechnologyHardwareAndEquipment","-0.0753518642824085"
"2009-12-14T05:00:00.000Z",6.977489948272705,23,6.821420192718506,17.857099533081055,13946976316,"AAPL","weekly","TechnologyHardwareAndEquipment","-0.03979758506162666"
"2009-12-21T05:00:00.000Z",7.001780033111572,22.15180015563965,6.988210201263428,15.710000038146973,15572707108,"AAPL","weekly","TechnologyHardwareAndEquipment","-0.12810370740085714"
"2009-12-28T05:00:00.000Z",7.56141996383667,22.071399688720703,7.439640045166016,16.200700759887695,14728497560,"AAPL","weekly","TechnologyHardwareAndEquipment","0.03075704339025522"
"2010-10-18T05:00:00.000Z",11.373900413513184,21.371400833129883,10.71500015258789,16.963600158691406,12382601784,"AAPL","weekly","TechnologyHardwareAndEquipment","0.046015383258690035"
"2010-10-25T05:00:00.000Z",11.038900375366211,20.567100524902344,10.74530029296875,16.43429946899414,10746952188,"AAPL","weekly","TechnologyHardwareAndEquipment","-0.03169929947559095"
"2010-11-01T05:00:00.000Z",10.793600082397461,20.268199920654297,10.792799949645996,16.100299835205078,11275140016,"AAPL","weekly","TechnologyHardwareAndEquipment","-0.020532686747411877"
"2010-11-08T05:00:00.000Z",11.32859992980957,20.58930015563965,10.843899726867676,15.373900413513184,10307440780,"AAPL","weekly","TechnologyHardwareAndEquipment","-0.04616660180688932"
"2010-11-15T05:00:00.000Z",11.016400337219238,20.767799377441406,10.634300231933594,15.418600082397461,10216826872,"AAPL","weekly","TechnologyHardwareAndEquipment","0.0029032848623797365"
"2010-11-22T05:00:00.000Z",10.952899932861328,20.73509979248047,10.92389965057373,15.845000267028809,8061271848,"AAPL","weekly","TechnologyHardwareAndEquipment","0.027279431818284253"
"2010-11-29T05:00:00.000Z",11.267800331115723,21.017799377441406,11.102499961853027,16.49679946899414,8278597964,"AAPL","weekly","TechnologyHardwareAndEquipment","0.040312380520059476"
"2010-12-06T05:00:00.000Z",11.380000114440918,28.6924991607666,11.325300216674805,27.594999313354492,8644160608,"AAPL","weekly","TechnologyHardwareAndEquipment","0.514468181492993"
"2010-12-13T05:00:00.000Z",11.584600448608398,20.857099533081055,11.392800331115723,19.033599853515625,10726956996,"AAPL","weekly","TechnologyHardwareAndEquipment","-0.3714287413010006"
"2010-12-20T05:00:00.000Z",11.485699653625488,21.94070053100586,11.365300178527832,19.309600830078125,9074597196,"AAPL","weekly","TechnologyHardwareAndEquipment","0.014396593850603077"
"2010-12-27T05:00:00.000Z",11.530400276184082,22.138200759887695,11.4753999710083,19.502500534057617,11469299184,"AAPL","weekly","TechnologyHardwareAndEquipment","0.009940265306291513"
"2011-10-10T05:00:00.000Z",13.538900375366211,21.9768009185791,13.507499694824219,17.87849998474121,10857663432,"AAPL","weekly","TechnologyHardwareAndEquipment","-0.08694381710912552"
"2011-10-17T05:00:00.000Z",15.062100410461426,21.77429962158203,13.955300331115723,18.559999465942383,10947623316,"AAPL","weekly","TechnologyHardwareAndEquipment","0.03740982582813347"
"2011-10-24T05:00:00.000Z",14.149299621582031,22.07069969177246,14.041099548339844,19.428199768066406,7815388504,"AAPL","weekly","TechnologyHardwareAndEquipment","0.04571690832955059"
"2011-10-31T05:00:00.000Z",14.372099876403809,22.321399688720703,14.043600082397461,18.758899688720703,6941801720,"AAPL","weekly","TechnologyHardwareAndEquipment","-0.03505731704213442"
"2011-11-07T05:00:00.000Z",14.282500267028809,23.149599075317383,13.580699920654297,18.794300079345703,7656643512,"AAPL","weekly","TechnologyHardwareAndEquipment","0.0018853467256917072"
"2011-11-14T05:00:00.000Z",13.697099685668945,24.102800369262695,13.38860034942627,18.944299697875977,7475552252,"AAPL","weekly","TechnologyHardwareAndEquipment","0.00794944218033005"
"2011-11-21T05:00:00.000Z",13.228599548339844,24.31679916381836,12.975700378417969,18.73889923095703,6011778892,"AAPL","weekly","TechnologyHardwareAndEquipment","-0.010901542701526589"
"2011-11-28T05:00:00.000Z",13.298199653625488,24.374300003051758,13.221400260925293,19.0310001373291,6097657020,"AAPL","weekly","TechnologyHardwareAndEquipment","0.015467699675654742"
"2011-12-05T05:00:00.000Z",14.053199768066406,27.860000610351562,13.812899589538574,27.332500457763672,7700221168,"AAPL","weekly","TechnologyHardwareAndEquipment","0.36200725132350053"
"2011-12-12T05:00:00.000Z",13.98859977722168,28.3125,13.48859977722168,28.002500534057617,7931707260,"AAPL","weekly","TechnologyHardwareAndEquipment","0.024217323901076098"
"2011-12-19T05:00:00.000Z",13.659600257873535,28.200000762939453,13.588600158691406,26.497499465942383,8016891360,"AAPL","weekly","TechnologyHardwareAndEquipment","-0.055243442211287117"
"2011-12-27T05:00:00.000Z",14.396400451660156,28.4375,14.303899765014648,28.2450008392334,6755742556,"AAPL","weekly","TechnologyHardwareAndEquipment","0.06386611172560716"
"2012-10-08T05:00:00.000Z",23.102800369262695,30,15.148900032043457,29.290000915527344,7932452804,"AAPL","weekly","TechnologyHardwareAndEquipment","0.036329711607115865"
"2012-10-15T05:00:00.000Z",22.583900451660156,30.127500534057617,14.953900337219238,29.732500076293945,7174193072,"AAPL","weekly","TechnologyHardwareAndEquipment","0.014994534088298416"
"2012-10-22T05:00:00.000Z",21.872100830078125,31.8700008392334,15.721400260925293,31.770000457763672,7528227000,"AAPL","weekly","TechnologyHardwareAndEquipment","0.06628173650482669"
"2012-10-31T05:00:00.000Z",21.24570083618164,32.375,16.201799392700195,32.37369918823242,4771144692,"AAPL","weekly","TechnologyHardwareAndEquipment","0.01882387700832535"
"2012-11-05T05:00:00.000Z",20.839799880981445,33.400001525878906,16.30820083618164,32.1150016784668,9194793592,"AAPL","weekly","TechnologyHardwareAndEquipment","-0.008023076724409902"
"2012-11-12T05:00:00.000Z",19.791000366210938,32.56999969482422,17.792800903320312,31.649999618530273,7847808260,"AAPL","weekly","TechnologyHardwareAndEquipment","-0.014585126436588077"
"2012-11-19T05:00:00.000Z",19.31100082397461,32.39250183105469,17.357099533081055,30.897499084472656,6644903652,"AAPL","weekly","TechnologyHardwareAndEquipment","-0.02406289168679009"
"2012-11-26T05:00:00.000Z",20.567800521850586,32.31129837036133,17.40530014038086,31.475000381469727,6103257960,"AAPL","weekly","TechnologyHardwareAndEquipment","0.018518347199540822"
"2012-12-03T05:00:00.000Z",21.201799392700195,32.0099983215332,16.596399307250977,24.239999771118164,9770658964,"AAPL","weekly","TechnologyHardwareAndEquipment","-0.26118944029138585"
"2012-12-10T05:00:00.000Z",18.75,31.622499465942383,15.972100257873535,24.282499313354492,8583936680,"AAPL","weekly","TechnologyHardwareAndEquipment","0.0017517462581732933"
"2012-12-17T05:00:00.000Z",18.17609977722168,32.030399322509766,17.16860008239746,25.354999542236328,7079892780,"AAPL","weekly","TechnologyHardwareAndEquipment","0.04322003317583771"
"2012-12-24T05:00:00.000Z",18.583900451660156,32.14250183105469,16.943199157714844,24.334999084472656,5905839912,"AAPL","weekly","TechnologyHardwareAndEquipment","-0.04106032552922229"
"2013-10-07T05:00:00.000Z",17.377099990844727,32.657501220703125,17.08139991760254,23.5049991607666,4146836508,"AAPL","weekly","TechnologyHardwareAndEquipment","-0.03470247689195203"
"2013-10-14T05:00:00.000Z",17.493900299072266,33.6349983215332,17.4768009185791,23.497499465942383,5091153016,"AAPL","weekly","TechnologyHardwareAndEquipment","-0.0003191189875851668"
"2013-10-21T05:00:00.000Z",18.27750015258789,32.64250183105469,18.14389991760254,24.010000228881836,4676586180,"AAPL","weekly","TechnologyHardwareAndEquipment","0.021576409981887694"
"2013-10-28T05:00:00.000Z",18.89430046081543,32.372501373291016,18.376399993896484,24.227500915527344,4452517928,"AAPL","weekly","TechnologyHardwareAndEquipment","0.009017969649400943"
"2013-11-04T05:00:00.000Z",18.610700607299805,33.24250030517578,18.299299240112305,25.752500534057617,3669275908,"AAPL","weekly","TechnologyHardwareAndEquipment","0.06104334109846535"
"2013-11-11T05:00:00.000Z",18.57110023498535,33.227500915527344,18.37179946899414,25.565000534057617,3633802812,"AAPL","weekly","TechnologyHardwareAndEquipment","-0.007307481091650548"
"2013-11-18T05:00:00.000Z",18.74959945678711,32.84749984741211,18.345300674438477,26.479999542236328,3500861384,"AAPL","weekly","TechnologyHardwareAndEquipment","0.035165464359510706"
"2013-11-25T05:00:00.000Z",18.607799530029297,32.54499816894531,18.607099533081055,26.417499542236328,3964586532,"AAPL","weekly","TechnologyHardwareAndEquipment","-0.002363061776657631"
"2013-12-02T05:00:00.000Z",19.928600311279297,32.07749938964844,19.672100067138672,29.477500915527344,5748877648,"AAPL","weekly","TechnologyHardwareAndEquipment","0.10960063952220282"
"2013-12-09T05:00:00.000Z",20.032100677490234,32.45000076293945,19.77389907836914,29.760000228881836,4663516384,"AAPL","weekly","TechnologyHardwareAndEquipment","0.009537926128608123"
"2013-12-16T05:00:00.000Z",19.822099685668945,31.735000610351562,19.242799758911133,30,4909592044,"AAPL","weekly","TechnologyHardwareAndEquipment","0.008032164006342388"
"2013-12-23T05:00:00.000Z",20.28569984436035,31.5575008392334,19.982099533081055,30.487499237060547,4447832640,"AAPL","weekly","TechnologyHardwareAndEquipment","0.0161193568552186"
"2014-10-06T05:00:00.000Z",24.987499237060547,32.622501373291016,23.127500534057617,32.27000045776367,4274834004,"AAPL","weekly","TechnologyHardwareAndEquipment","0.056821281731921525"
"2014-10-13T05:00:00.000Z",25.332500457763672,33.24250030517578,22.962499618530273,33.029998779296875,4259460632,"AAPL","weekly","TechnologyHardwareAndEquipment","0.023278182195995967"
"2014-10-20T05:00:00.000Z",24.578800201416016,34.067501068115234,22.36750030517578,33.93000030517578,3611395048,"AAPL","weekly","TechnologyHardwareAndEquipment","0.026883385345123252"
"2014-10-27T05:00:00.000Z",26.212499618530273,34.369998931884766,22.912500381469727,34.165000915527344,3623389076,"AAPL","weekly","TechnologyHardwareAndEquipment","0.006902167239556056"
"2014-11-03T05:00:00.000Z",27.05500030517578,35.06959915161133,23.917499542236328,34.94499969482422,3510193752,"AAPL","weekly","TechnologyHardwareAndEquipment","0.022573633166090217"
"2014-11-10T05:00:00.000Z",27.2549991607666,34.994998931884766,24.157499313354492,34.78499984741211,3062100012,"AAPL","weekly","TechnologyHardwareAndEquipment","-0.004589133207056559"
"2014-11-17T05:00:00.000Z",28.5674991607666,35.255001068115234,23,34.997501373291016,3920726124,"AAPL","weekly","TechnologyHardwareAndEquipment","0.00609041461752712"
"2014-11-24T05:00:00.000Z",29.212499618530273,35.70000076293945,23.825000762939453,35.15999984741211,3206153696,"AAPL","weekly","TechnologyHardwareAndEquipment","0.004632398870629855"
"2014-12-01T05:00:00.000Z",29.702499389648438,43.842498779296875,23.162500381469727,39.435001373291016,3957093668,"AAPL","weekly","TechnologyHardwareAndEquipment","0.114744713196959"
"2014-12-08T05:00:00.000Z",28.524999618530273,44.34000015258789,22.875,44.272499084472656,3753154208,"AAPL","weekly","TechnologyHardwareAndEquipment","0.11570991444732794"
"2014-12-15T05:00:00.000Z",27.674999237060547,45.025001525878906,23.592500686645508,44.6150016784668,3597262532,"AAPL","weekly","TechnologyHardwareAndEquipment","0.00770646685179755"
"2014-12-22T05:00:00.000Z",28.040000915527344,44.86000061035156,24.1825008392334,42.877498626708984,3428106748,"AAPL","weekly","TechnologyHardwareAndEquipment","-0.03972298217739096"
"2015-10-05T05:00:00.000Z",27.469999313354492,42.540000915527344,24.577499389648438,40.125,3056577424,"AAPL","weekly","TechnologyHardwareAndEquipment","-0.06634759934567502"
"2015-10-12T05:00:00.000Z",28.1825008392334,40.970001220703125,24.104999542236328,39.102500915527344,3737847568,"AAPL","weekly","TechnologyHardwareAndEquipment","-0.025813154470396133"
"2015-10-19T05:00:00.000Z",27.700000762939453,43.70500183105469,26,43.10749816894531,3164125812,"AAPL","weekly","TechnologyHardwareAndEquipment","0.09751052643588892"
"2015-10-26T05:00:00.000Z",29.520000457763672,43.912498474121094,26.790000915527344,43.875,2961717324,"AAPL","weekly","TechnologyHardwareAndEquipment","0.017647728370357166"
"2015-11-02T05:00:00.000Z",29.967500686645508,45.15380096435547,27.020000457763672,44.0525016784668,2531882872,"AAPL","weekly","TechnologyHardwareAndEquipment","0.004037460776228613"
"2015-11-09T05:00:00.000Z",30.239999771118164,45,26.577499389648438,44.994998931884766,2275064916,"AAPL","weekly","TechnologyHardwareAndEquipment","0.021169206185121223"
"2015-11-16T05:00:00.000Z",27.844999313354492,45.875,26.375,44.505001068115234,2550236076,"AAPL","weekly","TechnologyHardwareAndEquipment","-0.010949782336592405"
"2015-11-23T05:00:00.000Z",29.8174991607666,44.36750030517578,25.782499313354492,41.23500061035156,2686901048,"AAPL","weekly","TechnologyHardwareAndEquipment","-0.07631414132368478"
"2015-11-30T05:00:00.000Z",29.497499465942383,73.41999816894531,25.63249969482422,73.4124984741211,4548500512,"AAPL","weekly","TechnologyHardwareAndEquipment","0.5768067749765339"
"2015-12-07T05:00:00.000Z",29.7450008392334,43.55759811401367,27.887500762939453,38.0724983215332,3540498484,"AAPL","weekly","TechnologyHardwareAndEquipment","-0.6566020074059957"
"2015-12-14T05:00:00.000Z",28.045000076293945,43.959999084472656,26.452499389648438,39.20500183105469,3338887228,"AAPL","weekly","TechnologyHardwareAndEquipment","0.029312143729865032"
"2015-12-21T05:00:00.000Z",26.81999969482422,44.734100341796875,26.392499923706055,39.439998626708984,2582016628,"AAPL","weekly","TechnologyHardwareAndEquipment","0.00597615852717648"
"2015-12-28T05:00:00.000Z",26.897499084472656,42.25,26.204999923706055,41.630001068115234,3212227276,"AAPL","weekly","TechnologyHardwareAndEquipment","0.05404059194954583"
"2016-10-17T05:00:00.000Z",29.332500457763672,46.0625,28.450000762939453,42.602500915527344,2502214368,"AAPL","weekly","TechnologyHardwareAndEquipment","0.023091871625173798"
"2016-10-24T05:00:00.000Z",29.274999618530273,47.592498779296875,28.327499389648438,42.60499954223633,2574123100,"AAPL","weekly","TechnologyHardwareAndEquipment","0.000058648046152629785"
"2016-10-31T05:00:00.000Z",28.412500381469727,47.38249969482422,27.02750015258789,43.24250030517578,1952457592,"AAPL","weekly","TechnologyHardwareAndEquipment","0.014852208457698308"
"2016-11-07T05:00:00.000Z",27.520000457763672,47.412498474121094,26.457500457763672,43.74250030517578,2228691324,"AAPL","weekly","TechnologyHardwareAndEquipment","0.011496361520027653"
"2016-11-14T05:00:00.000Z",26.927499771118164,47.564998626708984,26.020000457763672,43.227500915527344,2079689176,"AAPL","weekly","TechnologyHardwareAndEquipment","-0.011843288537192609"
"2016-11-21T05:00:00.000Z",27.530000686645508,48.54999923706055,27.502500534057617,46.529998779296875,1980657324,"AAPL","weekly","TechnologyHardwareAndEquipment","0.07362035164571486"
"2016-11-28T05:00:00.000Z",27.857500076293945,49.42250061035156,27.212499618530273,47.76250076293945,2319033960,"AAPL","weekly","TechnologyHardwareAndEquipment","0.026143589124823986"
"2016-12-05T05:00:00.000Z",27.5,75.1500015258789,27.0625,74.35749816894531,2948223640,"AAPL","weekly","TechnologyHardwareAndEquipment","0.4426436886904995"
"2016-12-12T05:00:00.000Z",28.322500228881836,78.1675033569336,28.122499465942383,77.5824966430664,3131269060,"AAPL","weekly","TechnologyHardwareAndEquipment","0.04245732558648145"
"2016-12-19T05:00:00.000Z",28.950000762939453,79.68499755859375,28.897499084472656,79.68250274658203,2517118144,"AAPL","weekly","TechnologyHardwareAndEquipment","0.026708179731616658"
"2016-12-27T05:00:00.000Z",29.1299991607666,80.8324966430664,28.857500076293945,79.57749938964844,1903831192,"AAPL","weekly","TechnologyHardwareAndEquipment","-0.0013186408481757456"
"2017-10-09T05:00:00.000Z",38.95249938964844,81.9625015258789,38.775001525878906,77.37750244140625,1934161612,"AAPL","weekly","TechnologyHardwareAndEquipment","-0.02803530969465662"
"2017-10-16T05:00:00.000Z",39.474998474121094,81.30500030517578,38.755001068115234,80.00749969482422,2281020816,"AAPL","weekly","TechnologyHardwareAndEquipment","0.03342430425289379"
"2017-10-23T05:00:00.000Z",39.22249984741211,81.80500030517578,38.817501068115234,81.23750305175781,2573290088,"AAPL","weekly","TechnologyHardwareAndEquipment","0.015256624321056922"
"2017-10-30T05:00:00.000Z",40.97249984741211,81.1624984741211,40.93000030517578,78.26249694824219,2569957468,"AAPL","weekly","TechnologyHardwareAndEquipment","-0.03730847870878476"
"2017-11-06T05:00:00.000Z",43.09130096435547,76.04499816894531,42.93000030517578,68.33999633789062,3138150328,"AAPL","weekly","TechnologyHardwareAndEquipment","-0.1355733289770296"
"2017-11-13T05:00:00.000Z",43.375,76,42.095001220703125,72.25749969482422,2629705484,"AAPL","weekly","TechnologyHardwareAndEquipment","0.055740930509446014"
"2017-11-20T05:00:00.000Z",42.5724983215332,71.61000061035156,42.38999938964844,69.49250030517578,3209813572,"AAPL","weekly","TechnologyHardwareAndEquipment","-0.03901728613989863"
"2017-11-27T05:00:00.000Z",43.76250076293945,64.7699966430664,41.790000915527344,57.310001373291016,3278560840,"AAPL","weekly","TechnologyHardwareAndEquipment","-0.19274368494392685"
"2017-12-04T05:00:00.000Z",43.119998931884766,133.61199951171875,41.6150016784668,132.0500030517578,3865014193,"AAPL","weekly","TechnologyHardwareAndEquipment","0.834705509327616"
"2017-12-11T05:00:00.000Z",42.29999923706055,131.4499969482422,42.1974983215332,127.13999938964844,3221088698,"AAPL","weekly","TechnologyHardwareAndEquipment","-0.03789182514612747"
"2017-12-18T05:00:00.000Z",43.720001220703125,139.85000610351562,43.3125,139.07000732421875,2445205518,"AAPL","weekly","TechnologyHardwareAndEquipment","0.0896886194485802"
"2017-12-26T05:00:00.000Z",42.70000076293945,145.08999633789062,42.30500030517578,131.9600067138672,2912261923,"AAPL","weekly","TechnologyHardwareAndEquipment","-0.052478558917789804"
"2018-10-08T05:00:00.000Z",55.5525016784668,137.4199981689453,50.59000015258789,136.75999450683594,2236453630,"AAPL","weekly","TechnologyHardwareAndEquipment","0.03572862736621979"
"2018-10-15T05:00:00.000Z",55.290000915527344,137.8769989013672,50.90250015258789,135.3699951171875,2078291069,"AAPL","weekly","TechnologyHardwareAndEquipment","-0.010215790477075557"
"2018-10-22T05:00:00.000Z",54.9474983215332,136.00999450683594,50.407501220703125,129.8699951171875,2657582003,"AAPL","weekly","TechnologyHardwareAndEquipment","-0.04147782160326733"
"2018-10-29T05:00:00.000Z",54.79750061035156,129.72000122070312,48.14500045776367,121.26000213623047,3295407391,"AAPL","weekly","TechnologyHardwareAndEquipment","-0.06859689426377724"
"2018-11-05T05:00:00.000Z",51.07500076293945,128.72000122070312,49.54249954223633,121.41999816894531,2614417413,"AAPL","weekly","TechnologyHardwareAndEquipment","0.0013185763614222596"
"2018-11-12T05:00:00.000Z",49.75,123.20999908447266,46.48249816894531,121.02999877929688,2650012004,"AAPL","weekly","TechnologyHardwareAndEquipment","-0.003217155957391931"
"2018-11-19T05:00:00.000Z",47.5,127.22000122070312,43.025001525878906,119.98999786376953,2221022608,"AAPL","weekly","TechnologyHardwareAndEquipment","-0.00863005049166426"
"2018-11-26T05:00:00.000Z",43.560001373291016,124.23999786376953,42.564998626708984,121.20999908447266,2485995578,"AAPL","weekly","TechnologyHardwareAndEquipment","0.010116182756294695"
"2018-12-03T05:00:00.000Z",46.1150016784668,182.94000244140625,42.07500076293945,172.1699981689453,2993563860,"AAPL","weekly","TechnologyHardwareAndEquipment","0.35095777922403776"
"2018-12-10T05:00:00.000Z",41.25,177.17999267578125,40.83250045776367,173.07000732421875,3205037675,"AAPL","weekly","TechnologyHardwareAndEquipment","0.0052138291030825006"
"2018-12-17T05:00:00.000Z",41.36249923706055,172.5399932861328,37.407501220703125,162.41000366210938,2961994750,"AAPL","weekly","TechnologyHardwareAndEquipment","-0.0635721545212506"
"2018-12-24T05:00:00.000Z",37.037498474121094,170.35000610351562,36.647499084472656,170.3300018310547,3092155538,"AAPL","weekly","TechnologyHardwareAndEquipment","0.04761371788747065"
"2019-10-07T05:00:00.000Z",56.567501068115234,176.24000549316406,56.08250045776367,172.38999938964844,2279393976,"AAPL","weekly","TechnologyHardwareAndEquipment","0.01202160574383167"
"2019-10-14T05:00:00.000Z",58.724998474121094,176.64999389648438,58.29999923706055,168.63999938964844,1965675958,"AAPL","weekly","TechnologyHardwareAndEquipment","-0.021993086632619493"
"2019-10-21T05:00:00.000Z",59.380001068115234,173.33999633789062,59.33000183105469,167.3000030517578,2130849649,"AAPL","weekly","TechnologyHardwareAndEquipment","-0.00797763549973183"
"2019-10-28T05:00:00.000Z",61.85499954223633,166.69000244140625,59.314998626708984,164.85000610351562,2458278024,"AAPL","weekly","TechnologyHardwareAndEquipment","-0.014752619691606447"
"2019-11-04T05:00:00.000Z",64.3324966430664,168.91000366210938,63.84130096435547,163.1699981689453,2142323110,"AAPL","weekly","TechnologyHardwareAndEquipment","-0.010243415661183593"
"2019-11-11T05:00:00.000Z",64.57499694824219,165.02000427246094,64.56999969482422,154.72999572753906,2097989478,"AAPL","weekly","TechnologyHardwareAndEquipment","-0.053110955992000594"
"2019-11-18T05:00:00.000Z",66.44999694824219,164.47999572753906,65.0999984741211,163.97999572753906,2350051633,"AAPL","weekly","TechnologyHardwareAndEquipment","0.05806280822404498"
"2019-11-25T05:00:00.000Z",65.67749786376953,175.27999877929688,65.625,174.72000122070312,2373344593,"AAPL","weekly","TechnologyHardwareAndEquipment","0.06344025642990243"
"2019-12-02T05:00:00.000Z",66.81749725341797,179.61000061035156,64.07250213623047,129.6199951171875,2421301430,"AAPL","weekly","TechnologyHardwareAndEquipment","-0.298577644213805"
"2019-12-09T05:00:00.000Z",67.5,178.49000549316406,66.22750091552734,134.75999450683594,2562439842,"AAPL","weekly","TechnologyHardwareAndEquipment","0.03888832244642018"
"2019-12-16T05:00:00.000Z",69.25,171.27000427246094,69.24500274658203,137.8699951171875,2568421063,"AAPL","weekly","TechnologyHardwareAndEquipment","0.02281579899169443"
"2019-12-23T05:00:00.000Z",70.13249969482422,171.52999877929688,70.09339904785156,145.92999267578125,2247831508,"AAPL","weekly","TechnologyHardwareAndEquipment","0.05681582772223273"
"2020-10-05T05:00:00.000Z",113.91000366210938,166.1999969482422,112.25,154.5,2012085546,"AAPL","weekly","TechnologyHardwareAndEquipment","0.05706709184809257"
"2020-10-12T05:00:00.000Z",120.05999755859375,166.47999572753906,118.1500015258789,151.00999450683594,2202583517,"AAPL","weekly","TechnologyHardwareAndEquipment","-0.022848072926263938"
"2020-10-19T05:00:00.000Z",119.95999908447266,156.74000549316406,114.27999877929688,152.5500030517578,1807244254,"AAPL","weekly","TechnologyHardwareAndEquipment","0.010146407756109876"
"2020-10-26T05:00:00.000Z",114.01000213623047,151.3000030517578,107.72000122070312,146.7100067138672,1746334336,"AAPL","weekly","TechnologyHardwareAndEquipment","-0.03903453625324813"
"2020-11-02T05:00:00.000Z",109.11000061035156,151.67999267578125,107.31999969482422,151.02999877929688,1809154547,"AAPL","weekly","TechnologyHardwareAndEquipment","0.0290205895813313"
"2020-11-09T05:00:00.000Z",120.5,156.3000030517578,114.12999725341797,148.5,1514276261,"AAPL","weekly","TechnologyHardwareAndEquipment","-0.016893526252975025"
"2020-11-16T05:00:00.000Z",118.91999816894531,156.74000549316406,116.80999755859375,155,1541170572,"AAPL","weekly","TechnologyHardwareAndEquipment","0.042840158676492227"
"2020-11-23T05:00:00.000Z",117.18000030517578,162.13999938964844,112.58999633789062,160.25,1611087643,"AAPL","weekly","TechnologyHardwareAndEquipment","0.03330997888153286"
"2020-11-30T05:00:00.000Z",116.97000122070312,253.5,116.80999755859375,250.4199981689453,1970898679,"AAPL","weekly","TechnologyHardwareAndEquipment","0.4464044051280875"
"2020-12-07T05:00:00.000Z",122.30999755859375,187.0500030517578,120.1500015258789,185.9199981689453,1631363926,"AAPL","weekly","TechnologyHardwareAndEquipment","-0.29782303711393654"
"2020-12-14T05:00:00.000Z",122.5999984741211,191.9499969482422,121.54000091552734,191.55999755859375,1864630411,"AAPL","weekly","TechnologyHardwareAndEquipment","0.029884598914613647"
"2020-12-21T05:00:00.000Z",125.0199966430664,196.3800048828125,123.4489974975586,192.4199981689453,1688637245,"AAPL","weekly","TechnologyHardwareAndEquipment","0.004479410687647363"
"2020-12-28T05:00:00.000Z",133.99000549316406,192.1999969482422,131.72000122070312,185.85000610351562,1738439699,"AAPL","weekly","TechnologyHardwareAndEquipment","-0.034740543832846034"
"2021-10-18T05:00:00.000Z",143.44500732421875,191.0500030517578,143.16000366210938,188.85000610351562,1324679249,"AAPL","weekly","TechnologyHardwareAndEquipment","0.0160131518935036"
"2021-10-25T05:00:00.000Z",148.67999267578125,188.6699981689453,146.41299438476562,182.30999755859375,1233345880,"AAPL","weekly","TechnologyHardwareAndEquipment","-0.035244560053986074"
"2021-11-01T05:00:00.000Z",148.98500061035156,185.0399932861328,147.8000030517578,182.52000427246094,1094179000,"AAPL","weekly","TechnologyHardwareAndEquipment","0.0011512580435181473"
"2021-11-08T05:00:00.000Z",151.41000366210938,183.92300415039062,147.47999572753906,179.66000366210938,1209187805,"AAPL","weekly","TechnologyHardwareAndEquipment","-0.015793583282766453"
"2021-11-15T05:00:00.000Z",150.3699951171875,181.77999877929688,149.33999633789062,170.72999572753906,1349313264,"AAPL","weekly","TechnologyHardwareAndEquipment","-0.050982859926137214"
"2021-11-22T05:00:00.000Z",161.67999267578125,184.9510040283203,154.6699981689453,172.6199951171875,1241280974,"AAPL","weekly","TechnologyHardwareAndEquipment","0.011009282246551698"
"2021-11-29T05:00:00.000Z",159.3699951171875,186.99000549316406,152.67999267578125,172.27999877929688,1644328057,"AAPL","weekly","TechnologyHardwareAndEquipment","-0.0019715654046959996"
"2021-12-06T05:00:00.000Z",164.2899932861328,274.3599853515625,148.3699951171875,271.8599853515625,1747998799,"AAPL","weekly","TechnologyHardwareAndEquipment","0.45616612092448394"
"2021-12-13T05:00:00.000Z",181.11500549316406,247.3300018310547,148.55999755859375,236.85000610351562,1949242292,"AAPL","weekly","TechnologyHardwareAndEquipment","-0.13786011888551652"
"2021-12-20T05:00:00.000Z",168.27999877929688,238.9600067138672,138,229.97999572753906,1698535963,"AAPL","weekly","TechnologyHardwareAndEquipment","-0.029434725096314753"
"2021-12-27T05:00:00.000Z",177.0850067138672,227.02999877929688,137.68499755859375,222.77999877929688,1613003754,"AAPL","weekly","TechnologyHardwareAndEquipment","-0.031807598105353004"
"2022-10-10T05:00:00.000Z",140.4199981689453,247.19000244140625,134.3699951171875,235.8699951171875,1349195713,"AAPL","weekly","TechnologyHardwareAndEquipment","0.0570960531568641"
"2022-10-17T05:00:00.000Z",141.06500244140625,234,140.27000427246094,227.6300048828125,1292582782,"AAPL","weekly","TechnologyHardwareAndEquipment","-0.035559259884545565"
"2022-10-24T05:00:00.000Z",147.18499755859375,245.5500030517578,144.1300048828125,244.60000610351562,1342992336,"AAPL","weekly","TechnologyHardwareAndEquipment","0.07190272299616847"
"2022-10-31T05:00:00.000Z",153.15499877929688,248.69000244140625,134.3800048828125,245.5500030517578,1298669153,"AAPL","weekly","TechnologyHardwareAndEquipment","0.0038763567073878593"
"2022-11-07T05:00:00.000Z",137.11000061035156,250,134.59300231933594,241.83999633789062,1172945054,"AAPL","weekly","TechnologyHardwareAndEquipment","-0.015224269585000397"
"2022-11-14T05:00:00.000Z",148.97000122070312,244.02699279785156,146.14999389648438,239.07000732421875,1100301947,"AAPL","weekly","TechnologyHardwareAndEquipment","-0.011519908614447665"
"2022-11-21T05:00:00.000Z",150.16000366210938,236.16000366210938,146.9250030517578,213.49000549316406,1046451398,"AAPL","weekly","TechnologyHardwareAndEquipment","-0.11316640781951667"
"2022-11-28T05:00:00.000Z",145.13999938964844,220.1999969482422,140.35499572753906,218.27000427246094,1629952912,"AAPL","weekly","TechnologyHardwareAndEquipment","0.022142829230644246"
"2022-12-05T05:00:00.000Z",147.77000427246094,277.8399963378906,140,271.010009765625,1479588986,"AAPL","weekly","TechnologyHardwareAndEquipment","0.21642290847690165"
"2022-12-12T05:00:00.000Z",142.6999969482422,271.510009765625,133.72999572753906,259.3699951171875,1689002308,"AAPL","weekly","TechnologyHardwareAndEquipment","-0.043900161737030055"
"2022-12-19T05:00:00.000Z",135.11000061035156,261.82000732421875,129.63999938964844,255.52999877929688,1804273668,"AAPL","weekly","TechnologyHardwareAndEquipment","-0.014915780061512644"
"2022-12-27T05:00:00.000Z",131.3800048828125,254.7899932861328,125.87000274658203,248.0399932861328,1336299126,"AAPL","weekly","TechnologyHardwareAndEquipment","-0.029749818389548825"
"2023-10-09T05:00:00.000Z",176.85000610351562,261.95001220703125,175.80999755859375,259.4800109863281,885923653,"AAPL","weekly","TechnologyHardwareAndEquipment","0.0450896742706441"
"2023-10-16T05:00:00.000Z",176.6199951171875,280.9049987792969,172.64500427246094,278.1199951171875,938205632,"AAPL","weekly","TechnologyHardwareAndEquipment","0.06937298698967996"
"2023-10-23T05:00:00.000Z",170.99000549316406,280.17999267578125,165.6699981689453,255.77999877929688,916692730,"AAPL","weekly","TechnologyHardwareAndEquipment","-0.08373496244162043"
"2023-10-30T05:00:00.000Z",169,266.82000732421875,167.91000366210938,264.5799865722656,970349672,"AAPL","weekly","TechnologyHardwareAndEquipment","0.03382591705040028"
"2023-11-06T05:00:00.000Z",176.3800048828125,276.1099853515625,176.2100067138672,264.17999267578125,1014324266,"AAPL","weekly","TechnologyHardwareAndEquipment","-0.0015129510117340324"
"2023-11-13T05:00:00.000Z",185.82000732421875,228.33999633789062,184.2100067138672,200.85000610351562,674931645,"AAPL","weekly","TechnologyHardwareAndEquipment","-0.2740722700776491"
"2023-11-20T05:00:00.000Z",189.88999938964844,232.9199981689453,189.25,203.9199981689453,567096872,"AAPL","weekly","TechnologyHardwareAndEquipment","0.015169359894862311"
"2023-11-27T05:00:00.000Z",189.9199981689453,229,188.19000244140625,196.4499969482422,679427626,"AAPL","weekly","TechnologyHardwareAndEquipment","-0.03731982061863864"
"2023-12-04T05:00:00.000Z",190,224.0399932861328,187.4600067138672,201,683804201,"AAPL","weekly","TechnologyHardwareAndEquipment","0.02289697758913392"
"2023-12-11T05:00:00.000Z",193.11000061035156,233.08999633789062,191.4199981689453,201.0800018310547,1203039379,"AAPL","weekly","TechnologyHardwareAndEquipment","0.0003979398713991246"
"2023-12-18T05:00:00.000Z",196.08999633789062,229.52000427246094,192.97000122070312,213.5500030517578,716613656,"AAPL","weekly","TechnologyHardwareAndEquipment","0.06016816364760133"
"2023-12-26T05:00:00.000Z",193.61000061035156,233,191.08999633789062,211.16000366210938,602114063,"AAPL","weekly","TechnologyHardwareAndEquipment","-0.01125485427984336"
"2024-10-07T05:00:00.000Z",224.5,229.75,207.5399932861328,211.17999267578125,390564584,"AAPL","weekly","TechnologyHardwareAndEquipment","0.00009465839778456028"
"2024-10-14T05:00:00.000Z",228.6999969482422,237.49000549316406,211.6300048828125,213.8800048828125,449203182,"AAPL","weekly","TechnologyHardwareAndEquipment","0.012704317214195755"
"2024-10-21T05:00:00.000Z",234.4499969482422,236.85000610351562,201.5,202.3800048828125,517214992,"AAPL","weekly","TechnologyHardwareAndEquipment","-0.055267990481647766"
"2024-10-28T05:00:00.000Z",233.32000732421875,234.72999572753906,201.6750030517578,229.35000610351562,680048396,"AAPL","weekly","TechnologyHardwareAndEquipment","0.1251021052268482"
"2024-11-04T05:00:00.000Z",220.99000549316406,235.1199951171875,219.7100067138672,231.58999633789062,503395353,"AAPL","weekly","TechnologyHardwareAndEquipment","0.009719303405416107"
"2024-11-11T05:00:00.000Z",225,233.1199951171875,221.5,227.75999450683594,416059432,"AAPL","weekly","TechnologyHardwareAndEquipment","-0.01667613220926031"
"2024-11-18T05:00:00.000Z",225.25,233.41000366210938,224.69000244140625,232.13999938964844,390654829,"AAPL","weekly","TechnologyHardwareAndEquipment","0.019048216459668053"
"2024-11-25T05:00:00.000Z",231.4600067138672,241.32000732421875,226.97000122070312,239.69000244140625,411042136,"AAPL","weekly","TechnologyHardwareAndEquipment","0.03200579662934415"
"2024-12-02T05:00:00.000Z",237.27000427246094,244.6300048828125,225.9499969482422,234.07000732421875,513073569,"AAPL","weekly","TechnologyHardwareAndEquipment","-0.0237261847280493"
"2024-12-09T05:00:00.000Z",241.8300018310547,250.8000030517578,235.02999877929688,245.5,553440687,"AAPL","weekly","TechnologyHardwareAndEquipment","0.04767670002204296"
"2024-12-16T05:00:00.000Z",247.99000549316406,257.6000061035156,245.69000244140625,255.4600067138672,677577391,"AAPL","weekly","TechnologyHardwareAndEquipment","0.039768920661536214"
"2024-12-23T05:00:00.000Z",254.77000427246094,260.1000061035156,253.00999450683594,258.0199890136719,352043522,"AAPL","weekly","TechnologyHardwareAndEquipment","0.009971190821511601"
"2025-10-06T05:00:00.000Z",257.989990234375,259.07000732421875,244,245.27000427246094,213437899,"AAPL","weekly","TechnologyHardwareAndEquipment","-0.05067739673835889"
"2025-10-13T05:00:00.000Z",249.3800048828125,253.3800048828125,244.6999969482422,252.2899932861328,196438474,"AAPL","weekly","TechnologyHardwareAndEquipment","0.02821953091580411"
"2025-10-20T05:00:00.000Z",255.88499450683594,265.2900085449219,255.42999267578125,262.82000732421875,253202889,"AAPL","weekly","TechnologyHardwareAndEquipment","0.04089022218823681"
"2025-10-27T05:00:00.000Z",264.8800048828125,277.32000732421875,264.6499938964844,270.3699951171875,293563310,"AAPL","weekly","TechnologyHardwareAndEquipment","0.028321958125154072"
"2025-11-03T05:00:00.000Z",270.4200134277344,273.3999938964844,266.25,268.4700012207031,242583911,"AAPL","weekly","TechnologyHardwareAndEquipment","-0.007052192798694228"
"2025-11-10T05:00:00.000Z",268.9599914550781,276.6990051269531,267.4549865722656,272.4100036621094,232952837,"AAPL","weekly","TechnologyHardwareAndEquipment","0.014569117354673974"
"2025-11-17T05:00:00.000Z",268.81500244140625,275.42999267578125,265.32000732421875,271.489990234375,235974430,"AAPL","weekly","TechnologyHardwareAndEquipment","-0.0033830274517800147"
"2025-11-24T05:00:00.000Z",270.8999938964844,280.3800048828125,270.8999938964844,278.8500061035156,166067059,"AAPL","weekly","TechnologyHardwareAndEquipment","0.02674875441107164"
"2025-12-01T05:00:00.000Z",278.010009765625,288.6199951171875,276.1400146484375,278.7799987792969,235050842,"AAPL","weekly","TechnologyHardwareAndEquipment","-0.0002510888007228175"
"2025-12-08T05:00:00.000Z",278.1300048828125,280.0299987792969,273.80999755859375,278.2799987792969,176224279,"AAPL","weekly","TechnologyHardwareAndEquipment","-0.0017951392541672565"
"2025-12-15T05:00:00.000Z",280.1499938964844,280.1499938964844,266.95001220703125,273.6700134277344,334459218,"AAPL","weekly","TechnologyHardwareAndEquipment","-0.016704746625312784"
"2025-12-22T05:00:00.000Z",272.8599853515625,275.42999267578125,269.55999755859375,273.3999938964844,105646202,"AAPL","weekly","TechnologyHardwareAndEquipment","-0.0009871480781688394"
